url,title,price,ratings,reviews,description,asin,images
https://www.flipkart.com/caddle-toes-remote-control-toy-car-electric-chargeable-3d-lightning-black/p/itm3e1a23b6b6db0?pid=RCTGZ45F9H4H6ACM&lid=LSTRCTGZ45F9H4H6ACMWWJWCC&marketplace=FLIPKART&store=tng%2F56a%2Ffq8&srno=b_1_2&otracker=nmenu_sub_Baby%20%26%20Kids_0_Remote%20Control%20Toys&fm=organic&iid=en_jhHjehhibtFiWwX9CTIKanULAoa1aZjwta0HNA4DgfgDwm6F3To6XXLUqH_B0tZzkt5Lfl4Oa67-Ba06iG-Gww%3D%3D&ppt=browse&ppn=browse&ssid=uyx5z0nno00000001726381862262,CADDLE & TOES Remote Control Toy Car Electric Chargeable 3D Lightning (Black)(White),Price not found,Ratings not found out of 5 stars,Reviews not found,"Product DescriptionFun RideFeaturing a refined remote-control car, the CADDLE & TOES Remote Control Toy Car boasts an easy-to-control design with a clean-cut streamline-type body.Top-of-the-Line FeaturesThanks to its impressive set of features, this car comes with a high-speed receiver, in-built LED lights and a high-capacity lithium battery for extended playtime. And, it is equipped with functions such as drift, forward, reverse, left and right turns, making it a breeze to master and control. Moreover, designed with rechargeable batteries, your child can enjoy endless hours of play. Thus, you have to simply charge it up, and your child can enjoy non-stop racing adventures, both indoors and outdoors.Sound for Additional EffectsOffering sound support, this car adds an extra layer of excitement to your racing adventures. The realistic engine sounds and honking effects make the racing experience engaging for your child.Remote Control ExcellenceOwing to its remote control, this car offers a thrilling experience for your child. It combines speed and control, making it ideal for high-speed driving and multi-scene climbing adventures.Durable BuildMade using high-quality plastic material, this car can withstand the rigours of playtime. It's designed for durability, ensuring that it can handle the bumps and crashes that come with high-speed racing.View all features",,"['https://rukminim2.flixcart.com/image/128/128/xif0q/remote-control-toy/f/h/u/remote-control-toy-car-electric-chargeable-3d-lightning-black-1-original-imagz45fsehbh2fh.jpeg?q=70&crop=false', 'https://rukminim2.flixcart.com/image/128/128/xif0q/remote-control-toy/w/w/h/remote-control-toy-car-electric-chargeable-3d-lightning-black-1-original-imagz45fdmguwkkg.jpeg?q=70&crop=false', 'https://rukminim2.flixcart.com/image/128/128/xif0q/remote-control-toy/y/m/t/remote-control-toy-car-electric-chargeable-3d-lightning-black-1-original-imagz45fgduxdqgr.jpeg?q=70&crop=false', 'https://rukminim2.flixcart.com/image/128/128/xif0q/remote-control-toy/0/u/y/chargeable-3d-remote-control-lighting-famous-car-for-3-years-original-imagm8fyfuhvn4za.jpeg?q=70&crop=false', 'https://rukminim2.flixcart.com/image/128/128/xif0q/remote-control-toy/x/p/d/remote-control-toy-car-electric-chargeable-3d-lightning-black-1-original-imagz45fkyhrq3hz.jpeg?q=70&crop=false', 'https://rukminim2.flixcart.com/image/128/128/xif0q/remote-control-toy/8/i/0/remote-control-toy-car-electric-chargeable-3d-lightning-black-1-original-imagz45fquxjpgzx.jpeg?q=70&crop=false', 'https://rukminim2.flixcart.com/image/128/128/xif0q/remote-control-toy/i/f/s/remote-control-toy-car-electric-chargeable-3d-lightning-black-1-original-imagz7g9jf5tbmrj.jpeg?q=70&crop=false', 'https://rukminim2.flixcart.com/image/416/416/xif0q/remote-control-toy/f/h/u/remote-control-toy-car-electric-chargeable-3d-lightning-black-1-original-imagz45fsehbh2fh.jpeg?q=70&crop=false', 'No source']"
https://www.flipkart.com/homoze-flying-remote-control-rc-induction-type-2-in-1-indoor-outdoor-helicopter-toys/p/itm0e2770c3b51e1?pid=RCTGKSXHHPHAVVV2&lid=LSTRCTGKSXHHPHAVVV26SWEXV&marketplace=FLIPKART&store=tng%2F56a%2Ffq8&srno=b_1_4&otracker=nmenu_sub_Baby%20%26%20Kids_0_Remote%20Control%20Toys&fm=organic&iid=4be15164-ad42-4d00-8c51-258aeb93ecc2.RCTGKSXHHPHAVVV2.SEARCH&ppt=browse&ppn=browse&ssid=uyx5z0nno00000001726381862262,HOMOZE Flying Remote Control RC Induction Type 2-in-1 Indoor Outdoor Helicopter Toys(Multicolor),Price not found,Ratings not found out of 5 stars,Reviews not found,"Description3dseekers Remote Control Indoor Helicopter with Infrared Sensor 3D Flashing Light and USB Charger. This Chopper Start-up within 3 Seconds automatic take off , Induction flight press the remote control button , start / stop flying you can use your hand to control it up and do Inductive suspension and collision protection, light weight, easy to fly with simple operation especially for beginner. It will cut off the power automatically when the fan blade is hindered, this will be more safe Flashing light on the bottom of the helicopter, which is cool and provide you a special look Exquisite workmanship: the wings are flexible and not easy to break, so you will have so much fun with the flying helicopter. It's rechargeable with USB cable. USB charging makes it more convenient to use. this is best birthday gift for your beloved. Multi featured Remote with takeoff and land button functionality. Strong and bold design gives this Chopper is an exotic appearance. Infrared sensor of this chopper prevents this chopper to crash with any object. Remote control Helicopter can fly in All Directions. If any Encounters Obstacles Came While flight, you can Change Direction and Continue to Move Forwards. Toy Is All Season Favorite Of Kids; This Would Be The Best Gift Ever To Give For Little Kids. They Will Enjoy This With All His Delightful Features. Great to Give as a Birthday Gift, Holiday or Christmas.100 % Genuine &Authentic Product buy from OMWORLD only.Read More",,"['https://rukminim2.flixcart.com/image/128/128/xif0q/remote-control-toy/m/d/u/flying-remote-control-rc-induction-type-2-in-1-indoor-outdoor-original-imah4kufazmred3v.jpeg?q=70&crop=false', 'https://rukminim2.flixcart.com/image/128/128/xif0q/remote-control-toy/j/c/s/flying-remote-control-rc-induction-type-2-in-1-indoor-outdoor-original-imah4kufegfnycmy.jpeg?q=70&crop=false', 'https://rukminim2.flixcart.com/image/128/128/xif0q/remote-control-toy/8/h/r/flying-remote-control-rc-induction-type-2-in-1-indoor-outdoor-original-imah4kufgs8gfbpk.jpeg?q=70&crop=false', 'https://rukminim2.flixcart.com/image/128/128/xif0q/remote-control-toy/f/l/1/flying-remote-control-rc-induction-type-2-in-1-indoor-outdoor-original-imah4kuf42zgufjm.jpeg?q=70&crop=false', 'https://rukminim2.flixcart.com/image/416/416/xif0q/remote-control-toy/m/d/u/flying-remote-control-rc-induction-type-2-in-1-indoor-outdoor-original-imah4kufazmred3v.jpeg?q=70&crop=false', 'No source']"
https://www.flipkart.com/bruton-lite-sports-shoes-running-men/p/itm223d4d611fb99?pid=SHOGPRSVSAVXK6HH&lid=LSTSHOGPRSVSAVXK6HHTJEWPS&marketplace=FLIPKART&store=osp%2Fcil%2F1cu&srno=b_1_3&otracker=browse&fm=organic&iid=en_EqhUHFiVuKXCc1rTemo4JXQGveZjB2qcVUEaBp3EHmrQykfoZXmA0ldEQdHKdTaMnWep1E1JE4IIbmMWXDM-LA%3D%3D&ppt=browse&ppn=browse&ssid=locmy5rvls0000001726380922824,BRUTON,‚Çπ498,Ratings not found out of 5 stars,"36,081 ratings and 1,728 reviews","Product DescriptionLace Closure for FlexibilityProviding you with the flexibility of adjusting the fit of the shoes as per your comfort and style, these shoes feature a lace closure. With the help of lace closure, you can easily tighten or loosen the fit of the shoes and make sure that there is enough flexibility of movement.High-quality Upper Synthetic LeatherThe shoes strike the ideal balance of style, durability, and comfort as the upper part of the shoes has been constructed from synthetic leather. The use of premium synthetic leather makes sure that the shoes do not lose their quality and comfort for a long time. Additionally, the synthetic leather material also gives the shoes a glossy look that adds to their style quotient.Premium EVA SoleThe sole of the shoes has been crafted from EVA material, which not only provides stability but also adds a comfortable cushioning to the shoes. You can walk confidently, knowing that the EVA sole of the shoes will create sufficient friction and prevent you from losing balance even on uneven surfaces.Round TipFeaturing a round tip, the shoes ensure that your toes do not feel constrained even after wearing them for a long time. The round tip ensures that there is optimal airflow and sufficient space for your toes to move freely. Additionally, the round tip of the shoes also prevents any kind of pain or discomfort in the toes due to constrained space.Solid Heel PatternCrafted with comfort and stability in mind, the shoes feature a solid heel pattern. With the help of a solid heel pattern, the shoes add an additional layer of comfort and stability, providing you with an excellent wearing experience. You can run confidently for a long duration thanks to the solid heel pattern that adds an additional layer of stability to the shoes.Style NoteInvest in stylish options for your activewear collection by picking these uber-cool shoes. You're sure to look trendy when you match these shoes with a striped tee, sweatpants, and a waist pouch.View all features",,"['https://rukminim2.flixcart.com/image/128/128/xif0q/shoe/l/d/l/-original-imahf3kvwrbuhgh9.jpeg?q=70&crop=false', 'https://rukminim2.flixcart.com/image/128/128/xif0q/shoe/l/d/l/-original-imahf3kvwrbuhgh9.jpeg?q=70&crop=false', 'https://rukminim2.flixcart.com/image/128/128/xif0q/shoe/x/d/y/6-snk-eva-851-blu-6-bruton-blue-original-imahyz3ynqhrftry.jpeg?q=70&crop=false', 'https://rukminim2.flixcart.com/image/128/128/xif0q/shoe/y/7/w/6-851-blue-6-6-bruton-blue-original-imagqbs6ucs8crfd.jpeg?q=70&crop=false', 'https://rukminim2.flixcart.com/image/128/128/xif0q/shoe/6/h/t/9-851-blue-9-9-bruton-blue-original-imagprsvjm5dtk3n.jpeg?q=70&crop=false', 'https://rukminim2.flixcart.com/image/128/128/xif0q/shoe/8/y/v/9-851-blue-9-9-bruton-blue-original-imagprsvqfeayft6.jpeg?q=70&crop=false', 'https://rukminim2.flixcart.com/image/128/128/xif0q/shoe/l/l/v/9-851-blue-9-9-bruton-blue-original-imagprsvzxkhffch.jpeg?q=70&crop=false', 'https://rukminim2.flixcart.com/image/128/128/xif0q/shoe/q/n/6/9-851-blue-9-9-bruton-blue-original-imagprsvbhu4wehm.jpeg?q=70&crop=false', 'https://rukminim2.flixcart.com/image/128/128/xif0q/shoe/8/h/f/9-851-blue-9-9-bruton-blue-original-imagprsvdgpy2k3p.jpeg?q=70&crop=false', 'https://rukminim2.flixcart.com/image/128/128/xif0q/shoe/z/2/r/9-851-blue-9-9-bruton-blue-original-imagprsvygf3vtzn.jpeg?q=70&crop=false', 'https://rukminim2.flixcart.com/image/832/832/xif0q/shoe/l/d/l/-original-imahf3kvwrbuhgh9.jpeg?q=70&crop=false', 'No source']"
https://www.flipkart.com/caddle-toes-rock-car-spring-wheels-1-20-scale-wheel-remote-control/p/itm6e30f9ee9d155?pid=RCTGZB2A6E3WRGHF&lid=LSTRCTGZB2A6E3WRGHFGOEKPH&marketplace=FLIPKART&store=tng%2F56a%2Ffq8&srno=b_1_12&otracker=nmenu_sub_Baby%20%26%20Kids_0_Remote%20Control%20Toys&fm=organic&iid=en_jhHjehhibtFiWwX9CTIKanULAoa1aZjwta0HNA4DgfgzZY429PxVhl6cDJafpRabmY2TITa7gR9D441EKOtCCA%3D%3D&ppt=browse&ppn=browse&ssid=uyx5z0nno00000001726381862262,"CADDLE & TOES Rock Car, Spring wheels ,1:20 scale,Wheel Remote control(Black)",Price not found,Ratings not found out of 5 stars,Reviews not found,"Frequently Bought TogetherCADDLE & TOES Rock Car, Spring wheels ,1:20 scale,Wheel Remote co...3.4(335)‚Çπ878‚Çπ1,99956% offSheel Passenger Indian Toy Train For Kids (Battery Operated) - 13...4(60)‚Çπ699RAJry Kazoo Aluminum Allow Musical Instrument Set of 25(3)‚Çπ4041 Item‚Çπ8782Add-ons‚Çπ1,103Total‚Çπ1,981Add 3 Items to Cart",,"['https://rukminim2.flixcart.com/image/128/128/xif0q/remote-control-toy/a/2/h/rock-car-remote-control-spring-wheels-1-20-scale-wheel-remote-original-imahyh9ybbhxv8ux.jpeg?q=70&crop=false', 'https://rukminim2.flixcart.com/image/128/128/xif0q/remote-control-toy/p/d/6/rock-car-remote-control-spring-wheels-1-20-scale-wheel-remote-original-imahyh9yskmy5ueu.jpeg?q=70&crop=false', 'https://rukminim2.flixcart.com/image/128/128/xif0q/remote-control-toy/l/r/3/rock-car-remote-control-spring-wheels-1-20-scale-wheel-remote-original-imahyh9y9ry2vygx.jpeg?q=70&crop=false', 'https://rukminim2.flixcart.com/image/128/128/xif0q/remote-control-toy/n/k/a/remote-controlled-rock-crawler-rc-monster-truck-4-wheel-drive-1-original-imahyanhcbjgdhga.jpeg?q=70&crop=false', 'https://rukminim2.flixcart.com/image/128/128/xif0q/remote-control-toy/p/s/n/rock-car-remote-control-spring-wheels-1-20-scale-wheel-remote-original-imahyh9yw85rsjtw.jpeg?q=70&crop=false', 'https://rukminim2.flixcart.com/image/128/128/xif0q/remote-control-toy/w/d/i/rock-car-remote-control-spring-wheels-1-20-scale-wheel-remote-original-imahyh9ycnkumrkd.jpeg?q=70&crop=false', 'https://rukminim2.flixcart.com/image/128/128/xif0q/remote-control-toy/m/2/o/rock-car-remote-control-spring-wheels-1-20-scale-wheel-remote-original-imahyh9xwhhksvph.jpeg?q=70&crop=false', 'https://rukminim2.flixcart.com/image/416/416/xif0q/remote-control-toy/a/2/h/rock-car-remote-control-spring-wheels-1-20-scale-wheel-remote-original-imahyh9ybbhxv8ux.jpeg?q=70&crop=false', 'No source']"
https://www.flipkart.com/ruhani-stunt-car/p/itmd0c4fa2f2deda?pid=RCTFVHXZDWEWWK5A&lid=LSTRCTFVHXZDWEWWK5AXKYCIR&marketplace=FLIPKART&store=tng%2F56a%2Ffq8&srno=b_1_10&otracker=nmenu_sub_Baby%20%26%20Kids_0_Remote%20Control%20Toys&fm=organic&iid=4be15164-ad42-4d00-8c51-258aeb93ecc2.RCTFVHXZDWEWWK5A.SEARCH&ppt=browse&ppn=browse&ssid=uyx5z0nno00000001726381862262,Ruhani Stunt Car(Multicolor),Price not found,Ratings not found out of 5 stars,Reviews not found,"DescriptionColor,Size and Design may vary.Ruhani Remote Control Car RC Stunt Vehicle 360¬∞Rotating Rolling Radio Control Electric Race Car Boys Toys Kids Gifts Light Multi Color by Ruhani Toys & Gift GalleryRead More",,"['https://rukminim2.flixcart.com/image/128/128/kctf0cw0/remote-control-toy/w/g/p/360-degree-rotation-stunt-racing-car-rc-cars-flip-and-roll-stunt-original-imaftu8zehu7n9y7.jpeg?q=70&crop=false', 'https://rukminim2.flixcart.com/image/128/128/kbcjpu80/remote-control-toy/4/u/h/xii-36-toyz-rc-stunt-vehicle-360-rotating-rolling-quinergys-original-imafspr43bjthbe7.jpeg?q=70&crop=false', 'https://rukminim2.flixcart.com/image/128/128/kcxpbww0/remote-control-toy/s/w/s/remote-control-car-rc-stunt-vehicle-360-rotating-rolling-radio-original-imaftyywdvaq5hzt.jpeg?q=70&crop=false', 'https://rukminim2.flixcart.com/image/128/128/kd3f3bk0/remote-control-toy/h/a/u/rechargeable-remote-control-stunt-car-with-360-degree-amazing-original-imafu2c3wvqhqrzh.jpeg?q=70&crop=false', 'https://rukminim2.flixcart.com/image/128/128/kbqu4cw0/remote-control-toy/z/m/w/remote-control-car-rc-stunt-vehicle-360-rotating-rolling-radio-original-imaftff8fmuwazbv.jpeg?q=70&crop=false', 'https://rukminim2.flixcart.com/image/416/416/kctf0cw0/remote-control-toy/w/g/p/360-degree-rotation-stunt-racing-car-rc-cars-flip-and-roll-stunt-original-imaftu8zehu7n9y7.jpeg?q=70&crop=false', 'No source']"
https://www.flipkart.com/zunbella-2in1-automatic-convertible-transforming-robot-car-toy-light-sound-kid/p/itm65c700db899ed?pid=RCTH22FPNCEHKGEH&lid=LSTRCTH22FPNCEHKGEHOODXXG&marketplace=FLIPKART&store=tng%2F56a%2Ffq8&srno=b_1_14&otracker=nmenu_sub_Baby%20%26%20Kids_0_Remote%20Control%20Toys&fm=organic&iid=4be15164-ad42-4d00-8c51-258aeb93ecc2.RCTH22FPNCEHKGEH.SEARCH&ppt=browse&ppn=browse&ssid=uyx5z0nno00000001726381862262,ZUNBELLA 2in1 Automatic Convertible Transforming Robot Car Toy with Light & Sound for Kid(Multicolor),Price not found,Ratings not found out of 5 stars,Reviews not found,"Product DescriptionConvertible DesignThis toy provides a distinctive two-in-one experience, allowing it to easily switch between a robot and a racing automobile. Playtime is made more exciting and surprising by the automatic conversion mechanism, which makes it easy for kids to experiment with both the robot and automobile modes. As children participate in role-playing games and switch between modes to generate dynamic adventures and storytelling chances, this element fosters creativity and imagination in them.Effects of Light and SoundWith its eye-catching music effects and vibrant 4D lighting, this toy stimulates more than one sense at once when played with. The dynamic sounds bring realism and excitement to innovative play scenarios, while the vibrant lights create a visually fascinating experience by illuminating the surroundings.Non-toxic and Safe MaterialsThis toy, which is made of non-toxic ABS plastic, puts safety first without sacrificing quality or longevity. For kids three years old and up, its robust construction and smooth edges provide a secure play area. Because the material is free from dangerous chemicals, parents who are worried about their child's safety during playtime can trust it.Improves Motor AbilitiesThis robot race car toy helps young children with hand-eye coordination, muscle development, and sensory perception. It is made to support developing skills. The process of switching between the robot and car modes calls for spatial awareness and fine motor skills, which promote dexterity and problem-solving capabilities. The toy is a suitable option for holistic learning through play because of its interactive features.Battery-powered DesignThis toy runs on two AA batteries (non-rechargeable), making it easy to use without requiring complicated setup or extra power sources. Children may play with the robot-car transformation, lights, and sound effects for uninterrupted excitement because the design is battery-powered, ensuring hassle-free playtime. For young children who are interested in robotics and vehicle play, this toy is adaptable and captivating due to its age-appropriate design and user-friendly features.View all features",,"['https://rukminim2.flixcart.com/image/128/128/xif0q/remote-control-toy/u/i/h/2in1-automatic-convertible-transforming-robot-car-toy-with-light-original-imah2njfxethnj3r.jpeg?q=70&crop=false', 'https://rukminim2.flixcart.com/image/128/128/xif0q/remote-control-toy/u/i/h/2in1-automatic-convertible-transforming-robot-car-toy-with-light-original-imah2njfxethnj3r.jpeg?q=70&crop=false', 'https://rukminim2.flixcart.com/image/128/128/xif0q/remote-control-toy/u/a/4/2in1-automatic-convertible-transforming-robot-car-toy-with-light-original-imah2njfhqmz6ddg.jpeg?q=70&crop=false', 'https://rukminim2.flixcart.com/image/128/128/xif0q/remote-control-toy/g/s/4/2in1-automatic-convertible-transforming-robot-car-toy-with-light-original-imah2njf92krhxpp.jpeg?q=70&crop=false', 'https://rukminim2.flixcart.com/image/128/128/xif0q/remote-control-toy/5/8/h/2in1-automatic-convertible-transforming-robot-car-toy-with-light-original-imah2njf3yp6b6yq.jpeg?q=70&crop=false', 'https://rukminim2.flixcart.com/image/128/128/xif0q/remote-control-toy/u/k/y/2in1-automatic-convertible-transforming-robot-car-toy-with-light-original-imah2njfasbxdbrq.jpeg?q=70&crop=false', 'https://rukminim2.flixcart.com/image/128/128/xif0q/remote-control-toy/q/s/z/2in1-automatic-convertible-transforming-robot-car-toy-with-light-original-imah2njfk2gwmhph.jpeg?q=70&crop=false', 'https://rukminim2.flixcart.com/image/416/416/xif0q/remote-control-toy/u/i/h/2in1-automatic-convertible-transforming-robot-car-toy-with-light-original-imah2njfxethnj3r.jpeg?q=70&crop=false', 'No source']"
https://www.flipkart.com/aarna-monster-truck-360-degree-stunt-car-rubber-tyre-multicolor/p/itmcbbbf6a3428f7?pid=RCTGJPFJVJSMDMYZ&lid=LSTRCTGJPFJVJSMDMYZDZS2LR&marketplace=FLIPKART&store=tng%2F56a%2Ffq8&srno=b_1_19&otracker=nmenu_sub_Baby%20%26%20Kids_0_Remote%20Control%20Toys&fm=organic&iid=4be15164-ad42-4d00-8c51-258aeb93ecc2.RCTGJPFJVJSMDMYZ.SEARCH&ppt=browse&ppn=browse&ssid=uyx5z0nno00000001726381862262,Title not found,Price not found,Ratings not found out of 5 stars,Reviews not found,Description not found,,[]
https://www.flipkart.com/aarna-monster-truck-360-degree-stunt-car-rubber-tyre-multicolor/p/itmcbbbf6a3428f7?pid=RCTGJPFJVJSMDMYZ&lid=LSTRCTGJPFJVJSMDMYZDZS2LR&marketplace=FLIPKART&store=tng%2F56a%2Ffq8&srno=b_1_19&otracker=nmenu_sub_Baby%20%26%20Kids_0_Remote%20Control%20Toys&fm=organic&iid=4be15164-ad42-4d00-8c51-258aeb93ecc2.RCTGJPFJVJSMDMYZ.SEARCH&ppt=browse&ppn=browse&ssid=uyx5z0nno00000001726381862262,Title not found,Price not found,Ratings not found out of 5 stars,Reviews not found,Description not found,,[]
https://www.flipkart.com/ruhani-toys-gift-gallery-remote-control-thar-car-led-lights-song-toy-usb-rechargable-red/p/itm88e63be12e665?pid=RCTH4BACGK8CE7WQ&lid=LSTRCTH4BACGK8CE7WQBPPUQX&marketplace=FLIPKART&store=tng%2F56a%2Ffq8&srno=b_1_20&otracker=nmenu_sub_Baby%20%26%20Kids_0_Remote%20Control%20Toys&fm=organic&iid=4be15164-ad42-4d00-8c51-258aeb93ecc2.RCTH4BACGK8CE7WQ.SEARCH&ppt=browse&ppn=browse&ssid=uyx5z0nno00000001726381862262,Title not found,Price not found,Ratings not found out of 5 stars,Reviews not found,Description not found,,[]
https://www.flipkart.com/play-nation-1-16-scale-remote-control-racing-car-openable-door-recharge-battery/p/itm0f6909de62a4a?pid=RCTGYBQFSCQTFYGZ&lid=LSTRCTGYBQFSCQTFYGZRYOBHK&marketplace=FLIPKART&store=tng%2F56a%2Ffq8&srno=b_1_21&otracker=nmenu_sub_Baby%20%26%20Kids_0_Remote%20Control%20Toys&fm=organic&iid=en_jhHjehhibtFiWwX9CTIKanULAoa1aZjwta0HNA4Dgfh2Wnt8E2VyI9zy5YZS-tumkMFUPrM5V6g4V1_kDPgByA%3D%3D&ppt=browse&ppn=browse&ssid=uyx5z0nno00000001726381862262,Title not found,Price not found,Ratings not found out of 5 stars,Reviews not found,Description not found,,[]
https://www.flipkart.com/bruton-lite-sports-shoes-running-men/p/itm223d4d611fb99?pid=SHOGPRSVSAVXK6HH&lid=LSTSHOGPRSVSAVXK6HHTJEWPS&marketplace=FLIPKART&store=osp%2Fcil%2F1cu&srno=b_1_3&otracker=browse&fm=organic&iid=en_EqhUHFiVuKXCc1rTemo4JXQGveZjB2qcVUEaBp3EHmrQykfoZXmA0ldEQdHKdTaMnWep1E1JE4IIbmMWXDM-LA%3D%3D&ppt=browse&ppn=browse&ssid=locmy5rvls0000001726380922824,Title not found,Price not found,Ratings not found out of 5 stars,Reviews not found,Description not found,,[]
https://www.flipkart.com/comercio-remote-control-stunt-vehicle-360rotating-rolling-radio-electric-racing-car/p/itm5bc6f2349f22f?pid=RCTG7RFSFMK3TVAB&lid=LSTRCTG7RFSFMK3TVABIYBZAY&marketplace=FLIPKART&store=tng%2F56a%2Ffq8&srno=b_1_26&otracker=nmenu_sub_Baby%20%26%20Kids_0_Remote%20Control%20Toys&fm=organic&iid=4be15164-ad42-4d00-8c51-258aeb93ecc2.RCTG7RFSFMK3TVAB.SEARCH&ppt=browse&ppn=browse&ssid=uyx5z0nno00000001726381862262,Title not found,Price not found,Ratings not found out of 5 stars,Reviews not found,Description not found,,[]
https://www.flipkart.com/bruton-lite-sports-shoes-running-men/p/itm223d4d611fb99?pid=SHOGPRSVSAVXK6HH&lid=LSTSHOGPRSVSAVXK6HHTJEWPS&marketplace=FLIPKART&store=osp%2Fcil%2F1cu&srno=b_1_3&otracker=browse&fm=organic&iid=en_EqhUHFiVuKXCc1rTemo4JXQGveZjB2qcVUEaBp3EHmrQykfoZXmA0ldEQdHKdTaMnWep1E1JE4IIbmMWXDM-LA%3D%3D&ppt=browse&ppn=browse&ssid=locmy5rvls0000001726380922824,Title not found,Price not found,Ratings not found out of 5 stars,Reviews not found,Description not found,,[]
https://www.flipkart.com/hreyansh-collection-helicopter-kids-only-up-down-controls-remote-hand-controlled-2-in-1-type-colour-per-stock/p/itme1884b7fd334a?pid=RCTGYKE3ZUT6UMTX&lid=LSTRCTGYKE3ZUT6UMTXTLRFIO&marketplace=FLIPKART&store=tng%2F56a%2Ffq8&srno=b_1_30&otracker=nmenu_sub_Baby%20%26%20Kids_0_Remote%20Control%20Toys&fm=organic&iid=4be15164-ad42-4d00-8c51-258aeb93ecc2.RCTGYKE3ZUT6UMTX.SEARCH&ppt=browse&ppn=browse&ssid=uyx5z0nno00000001726381862262,HREYANSH COLLECTION Helicopter for Kids - Only Up Down Controls on Remote - Hand Controlled 2-in-1 Type (Colour as per Stock)(Multicolor),Price not found,Ratings not found out of 5 stars,Reviews not found,"Description3dseekers Remote Control Indoor Helicopter with Infrared Sensor 3D Flashing Light and USB Charger. This Chopper Start-up within 3 Seconds automatic take off , Induction flight press the remote control button , start / stop flying you can use your hand to control it up and do Inductive suspension and collision protection, light weight, easy to fly with simple operation especially for beginner. It will cut off the power automatically when the fan blade is hindered, this will be more safe Flashing light on the bottom of the helicopter, which is cool and provide you a special look Exquisite workmanship: the wings are flexible and not easy to break, so you will have so much fun with the flying helicopter. It's rechargeable with USB cable. USB charging makes it more convenient to use. this is best birthday gift for your beloved. Multi featured Remote with takeoff and land button functionality. Strong and bold design gives this Chopper is an exotic appearance. Infrared sensor of this chopper prevents this chopper to crash with any object. Remote control Helicopter can fly in All Directions. If any Encounters Obstacles Came While flight, you can Change Direction and Continue to Move Forwards. Toy Is All Season Favorite Of Kids; This Would Be The Best Gift Ever To Give For Little Kids. They Will Enjoy This With All His Delightful Features. Great to Give as a Birthday Gift, Holiday or Christmas.100 % Genuine &Authentic Product buy from OMWORLD only.Read More",,"['https://rukminim2.flixcart.com/image/128/128/xif0q/remote-control-toy/b/p/i/helicopter-for-kids-only-up-down-controls-on-remote-hand-original-imah4kufmjgcvrd8.jpeg?q=70&crop=false', 'https://rukminim2.flixcart.com/image/128/128/xif0q/remote-control-toy/i/a/x/black-sturdy-indoor-helicopter-for-kids-only-up-down-controls-on-original-imah4ja6jspkrfht.jpeg?q=70&crop=false', 'https://rukminim2.flixcart.com/image/128/128/xif0q/remote-control-toy/o/c/f/exceed-induction-type-2-in-1-flying-indoor-outdoor-helicopter-original-imah49seeq4btgnz.jpeg?q=70&crop=false', 'https://rukminim2.flixcart.com/image/416/416/xif0q/remote-control-toy/b/p/i/helicopter-for-kids-only-up-down-controls-on-remote-hand-original-imah4kufmjgcvrd8.jpeg?q=70&crop=false', 'No source']"
https://www.flipkart.com/hreyansh-collection-helicopter-kids-only-up-down-controls-remote-hand-controlled-2-in-1-type-colour-per-stock/p/itme1884b7fd334a?pid=RCTGYKE3ZUT6UMTX&lid=LSTRCTGYKE3ZUT6UMTXTLRFIO&marketplace=FLIPKART&store=tng%2F56a%2Ffq8&srno=b_1_30&otracker=nmenu_sub_Baby%20%26%20Kids_0_Remote%20Control%20Toys&fm=organic&iid=4be15164-ad42-4d00-8c51-258aeb93ecc2.RCTGYKE3ZUT6UMTX.SEARCH&ppt=browse&ppn=browse&ssid=uyx5z0nno00000001726381862262,HREYANSH COLLECTION Helicopter for Kids - Only Up Down Controls on Remote - Hand Controlled 2-in-1 Type (Colour as per Stock)(Multicolor),‚Çπ388,Ratings not found out of 5 stars,200 Ratings&16 Reviews,"Description3dseekers Remote Control Indoor Helicopter with Infrared Sensor 3D Flashing Light and USB Charger. This Chopper Start-up within 3 Seconds automatic take off , Induction flight press the remote control button , start / stop flying you can use your hand to control it up and do Inductive suspension and collision protection, light weight, easy to fly with simple operation especially for beginner. It will cut off the power automatically when the fan blade is hindered, this will be more safe Flashing light on the bottom of the helicopter, which is cool and provide you a special look Exquisite workmanship: the wings are flexible and not easy to break, so you will have so much fun with the flying helicopter. It's rechargeable with USB cable. USB charging makes it more convenient to use. this is best birthday gift for your beloved. Multi featured Remote with takeoff and land button functionality. Strong and bold design gives this Chopper is an exotic appearance. Infrared sensor of this chopper prevents this chopper to crash with any object. Remote control Helicopter can fly in All Directions. If any Encounters Obstacles Came While flight, you can Change Direction and Continue to Move Forwards. Toy Is All Season Favorite Of Kids; This Would Be The Best Gift Ever To Give For Little Kids. They Will Enjoy This With All His Delightful Features. Great to Give as a Birthday Gift, Holiday or Christmas.100 % Genuine &Authentic Product buy from OMWORLD only.Read More",,"['https://rukminim2.flixcart.com/image/128/128/xif0q/remote-control-toy/b/p/i/helicopter-for-kids-only-up-down-controls-on-remote-hand-original-imah4kufmjgcvrd8.jpeg?q=70&crop=false', 'https://rukminim2.flixcart.com/image/128/128/xif0q/remote-control-toy/i/a/x/black-sturdy-indoor-helicopter-for-kids-only-up-down-controls-on-original-imah4ja6jspkrfht.jpeg?q=70&crop=false', 'https://rukminim2.flixcart.com/image/128/128/xif0q/remote-control-toy/o/c/f/exceed-induction-type-2-in-1-flying-indoor-outdoor-helicopter-original-imah49seeq4btgnz.jpeg?q=70&crop=false', 'https://rukminim2.flixcart.com/image/416/416/xif0q/remote-control-toy/b/p/i/helicopter-for-kids-only-up-down-controls-on-remote-hand-original-imah4kufmjgcvrd8.jpeg?q=70&crop=false', 'No source']"
https://www.flipkart.com/hreyansh-collection-helicopter-kids-only-up-down-controls-remote-hand-controlled-2-in-1-type-colour-per-stock/p/itme1884b7fd334a?pid=RCTGYKE3ZUT6UMTX&lid=LSTRCTGYKE3ZUT6UMTXTLRFIO&marketplace=FLIPKART&store=tng%2F56a%2Ffq8&srno=b_1_30&otracker=nmenu_sub_Baby%20%26%20Kids_0_Remote%20Control%20Toys&fm=organic&iid=4be15164-ad42-4d00-8c51-258aeb93ecc2.RCTGYKE3ZUT6UMTX.SEARCH&ppt=browse&ppn=browse&ssid=uyx5z0nno00000001726381862262,HREYANSH COLLECTION Helicopter for Kids - Only Up Down Controls on Remote - Hand Controlled 2-in-1 Type (Colour as per Stock)(Multicolor),‚Çπ388,3.2‚òÖ out of 5 stars,200 Ratings&16 Reviews,"Description3dseekers Remote Control Indoor Helicopter with Infrared Sensor 3D Flashing Light and USB Charger. This Chopper Start-up within 3 Seconds automatic take off , Induction flight press the remote control button , start / stop flying you can use your hand to control it up and do Inductive suspension and collision protection, light weight, easy to fly with simple operation especially for beginner. It will cut off the power automatically when the fan blade is hindered, this will be more safe Flashing light on the bottom of the helicopter, which is cool and provide you a special look Exquisite workmanship: the wings are flexible and not easy to break, so you will have so much fun with the flying helicopter. It's rechargeable with USB cable. USB charging makes it more convenient to use. this is best birthday gift for your beloved. Multi featured Remote with takeoff and land button functionality. Strong and bold design gives this Chopper is an exotic appearance. Infrared sensor of this chopper prevents this chopper to crash with any object. Remote control Helicopter can fly in All Directions. If any Encounters Obstacles Came While flight, you can Change Direction and Continue to Move Forwards. Toy Is All Season Favorite Of Kids; This Would Be The Best Gift Ever To Give For Little Kids. They Will Enjoy This With All His Delightful Features. Great to Give as a Birthday Gift, Holiday or Christmas.100 % Genuine &Authentic Product buy from OMWORLD only.Read More",,"['https://rukminim2.flixcart.com/image/128/128/xif0q/remote-control-toy/b/p/i/helicopter-for-kids-only-up-down-controls-on-remote-hand-original-imah4kufmjgcvrd8.jpeg?q=70&crop=false', 'https://rukminim2.flixcart.com/image/128/128/xif0q/remote-control-toy/i/a/x/black-sturdy-indoor-helicopter-for-kids-only-up-down-controls-on-original-imah4ja6jspkrfht.jpeg?q=70&crop=false', 'https://rukminim2.flixcart.com/image/128/128/xif0q/remote-control-toy/o/c/f/exceed-induction-type-2-in-1-flying-indoor-outdoor-helicopter-original-imah49seeq4btgnz.jpeg?q=70&crop=false', 'https://rukminim2.flixcart.com/image/416/416/xif0q/remote-control-toy/b/p/i/helicopter-for-kids-only-up-down-controls-on-remote-hand-original-imah4kufmjgcvrd8.jpeg?q=70&crop=false', 'No source']"
https://www.flipkart.com/hreyansh-collection-helicopter-kids-only-up-down-controls-remote-hand-controlled-2-in-1-type-colour-per-stock/p/itme1884b7fd334a?pid=RCTGYKE3ZUT6UMTX&lid=LSTRCTGYKE3ZUT6UMTXTLRFIO&marketplace=FLIPKART&store=tng%2F56a%2Ffq8&srno=b_1_30&otracker=nmenu_sub_Baby%20%26%20Kids_0_Remote%20Control%20Toys&fm=organic&iid=4be15164-ad42-4d00-8c51-258aeb93ecc2.RCTGYKE3ZUT6UMTX.SEARCH&ppt=browse&ppn=browse&ssid=uyx5z0nno00000001726381862262,HREYANSH COLLECTION Helicopter for Kids - Only Up Down Controls on Remote - Hand Controlled 2-in-1 Type (Colour as per Stock)(Multicolor),‚Çπ388,3.2‚òÖ‚òÖ out of 5 ‚òÖ,200 Ratings&16 Reviews,"Description3dseekers Remote Control Indoor Helicopter with Infrared Sensor 3D Flashing Light and USB Charger. This Chopper Start-up within 3 Seconds automatic take off , Induction flight press the remote control button , start / stop flying you can use your hand to control it up and do Inductive suspension and collision protection, light weight, easy to fly with simple operation especially for beginner. It will cut off the power automatically when the fan blade is hindered, this will be more safe Flashing light on the bottom of the helicopter, which is cool and provide you a special look Exquisite workmanship: the wings are flexible and not easy to break, so you will have so much fun with the flying helicopter. It's rechargeable with USB cable. USB charging makes it more convenient to use. this is best birthday gift for your beloved. Multi featured Remote with takeoff and land button functionality. Strong and bold design gives this Chopper is an exotic appearance. Infrared sensor of this chopper prevents this chopper to crash with any object. Remote control Helicopter can fly in All Directions. If any Encounters Obstacles Came While flight, you can Change Direction and Continue to Move Forwards. Toy Is All Season Favorite Of Kids; This Would Be The Best Gift Ever To Give For Little Kids. They Will Enjoy This With All His Delightful Features. Great to Give as a Birthday Gift, Holiday or Christmas.100 % Genuine &Authentic Product buy from OMWORLD only.Read More",,"['https://rukminim2.flixcart.com/image/128/128/xif0q/remote-control-toy/b/p/i/helicopter-for-kids-only-up-down-controls-on-remote-hand-original-imah4kufmjgcvrd8.jpeg?q=70&crop=false', 'https://rukminim2.flixcart.com/image/128/128/xif0q/remote-control-toy/i/a/x/black-sturdy-indoor-helicopter-for-kids-only-up-down-controls-on-original-imah4ja6jspkrfht.jpeg?q=70&crop=false', 'https://rukminim2.flixcart.com/image/128/128/xif0q/remote-control-toy/o/c/f/exceed-induction-type-2-in-1-flying-indoor-outdoor-helicopter-original-imah49seeq4btgnz.jpeg?q=70&crop=false', 'https://rukminim2.flixcart.com/image/416/416/xif0q/remote-control-toy/b/p/i/helicopter-for-kids-only-up-down-controls-on-remote-hand-original-imah4kufmjgcvrd8.jpeg?q=70&crop=false', 'No source']"
https://www.flipkart.com/hreyansh-collection-helicopter-kids-only-up-down-controls-remote-hand-controlled-2-in-1-type-colour-per-stock/p/itme1884b7fd334a?pid=RCTGYKE3ZUT6UMTX&lid=LSTRCTGYKE3ZUT6UMTXTLRFIO&marketplace=FLIPKART&store=tng%2F56a%2Ffq8&srno=b_1_30&otracker=nmenu_sub_Baby%20%26%20Kids_0_Remote%20Control%20Toys&fm=organic&iid=4be15164-ad42-4d00-8c51-258aeb93ecc2.RCTGYKE3ZUT6UMTX.SEARCH&ppt=browse&ppn=browse&ssid=uyx5z0nno00000001726381862262,HREYANSH COLLECTION Helicopter for Kids - Only Up Down Controls on Remote - Hand Controlled 2-in-1 Type (Colour as per Stock)(Multicolor),‚Çπ388,3.2‚òÖ out of 5 ‚òÖ,200 Ratings&16 Reviews,"Description3dseekers Remote Control Indoor Helicopter with Infrared Sensor 3D Flashing Light and USB Charger. This Chopper Start-up within 3 Seconds automatic take off , Induction flight press the remote control button , start / stop flying you can use your hand to control it up and do Inductive suspension and collision protection, light weight, easy to fly with simple operation especially for beginner. It will cut off the power automatically when the fan blade is hindered, this will be more safe Flashing light on the bottom of the helicopter, which is cool and provide you a special look Exquisite workmanship: the wings are flexible and not easy to break, so you will have so much fun with the flying helicopter. It's rechargeable with USB cable. USB charging makes it more convenient to use. this is best birthday gift for your beloved. Multi featured Remote with takeoff and land button functionality. Strong and bold design gives this Chopper is an exotic appearance. Infrared sensor of this chopper prevents this chopper to crash with any object. Remote control Helicopter can fly in All Directions. If any Encounters Obstacles Came While flight, you can Change Direction and Continue to Move Forwards. Toy Is All Season Favorite Of Kids; This Would Be The Best Gift Ever To Give For Little Kids. They Will Enjoy This With All His Delightful Features. Great to Give as a Birthday Gift, Holiday or Christmas.100 % Genuine &Authentic Product buy from OMWORLD only.Read More",,"['https://rukminim2.flixcart.com/image/128/128/xif0q/remote-control-toy/b/p/i/helicopter-for-kids-only-up-down-controls-on-remote-hand-original-imah4kufmjgcvrd8.jpeg?q=70&crop=false', 'https://rukminim2.flixcart.com/image/128/128/xif0q/remote-control-toy/i/a/x/black-sturdy-indoor-helicopter-for-kids-only-up-down-controls-on-original-imah4ja6jspkrfht.jpeg?q=70&crop=false', 'https://rukminim2.flixcart.com/image/128/128/xif0q/remote-control-toy/o/c/f/exceed-induction-type-2-in-1-flying-indoor-outdoor-helicopter-original-imah49seeq4btgnz.jpeg?q=70&crop=false', 'https://rukminim2.flixcart.com/image/416/416/xif0q/remote-control-toy/b/p/i/helicopter-for-kids-only-up-down-controls-on-remote-hand-original-imah4kufmjgcvrd8.jpeg?q=70&crop=false', 'No source']"
https://www.flipkart.com/bruton-lite-sports-shoes-running-men/p/itm223d4d611fb99?pid=SHOGPRSVSAVXK6HH&lid=LSTSHOGPRSVSAVXK6HHTJEWPS&marketplace=FLIPKART&store=osp%2Fcil%2F1cu&srno=b_1_3&otracker=browse&fm=organic&iid=en_EqhUHFiVuKXCc1rTemo4JXQGveZjB2qcVUEaBp3EHmrQykfoZXmA0ldEQdHKdTaMnWep1E1JE4IIbmMWXDM-LA%3D%3D&ppt=browse&ppn=browse&ssid=locmy5rvls0000001726380922824,BRUTON,‚Çπ498,Ratings not found,Reviews not found,"Product DescriptionLace Closure for FlexibilityProviding you with the flexibility of adjusting the fit of the shoes as per your comfort and style, these shoes feature a lace closure. With the help of lace closure, you can easily tighten or loosen the fit of the shoes and make sure that there is enough flexibility of movement.High-quality Upper Synthetic LeatherThe shoes strike the ideal balance of style, durability, and comfort as the upper part of the shoes has been constructed from synthetic leather. The use of premium synthetic leather makes sure that the shoes do not lose their quality and comfort for a long time. Additionally, the synthetic leather material also gives the shoes a glossy look that adds to their style quotient.Premium EVA SoleThe sole of the shoes has been crafted from EVA material, which not only provides stability but also adds a comfortable cushioning to the shoes. You can walk confidently, knowing that the EVA sole of the shoes will create sufficient friction and prevent you from losing balance even on uneven surfaces.Round TipFeaturing a round tip, the shoes ensure that your toes do not feel constrained even after wearing them for a long time. The round tip ensures that there is optimal airflow and sufficient space for your toes to move freely. Additionally, the round tip of the shoes also prevents any kind of pain or discomfort in the toes due to constrained space.Solid Heel PatternCrafted with comfort and stability in mind, the shoes feature a solid heel pattern. With the help of a solid heel pattern, the shoes add an additional layer of comfort and stability, providing you with an excellent wearing experience. You can run confidently for a long duration thanks to the solid heel pattern that adds an additional layer of stability to the shoes.Style NoteInvest in stylish options for your activewear collection by picking these uber-cool shoes. You're sure to look trendy when you match these shoes with a striped tee, sweatpants, and a waist pouch.View all features",,"['https://rukminim2.flixcart.com/image/128/128/xif0q/shoe/l/d/l/-original-imahf3kvwrbuhgh9.jpeg?q=70&crop=false', 'https://rukminim2.flixcart.com/image/128/128/xif0q/shoe/l/d/l/-original-imahf3kvwrbuhgh9.jpeg?q=70&crop=false', 'https://rukminim2.flixcart.com/image/128/128/xif0q/shoe/x/d/y/6-snk-eva-851-blu-6-bruton-blue-original-imahyz3ynqhrftry.jpeg?q=70&crop=false', 'https://rukminim2.flixcart.com/image/128/128/xif0q/shoe/y/7/w/6-851-blue-6-6-bruton-blue-original-imagqbs6ucs8crfd.jpeg?q=70&crop=false', 'https://rukminim2.flixcart.com/image/128/128/xif0q/shoe/6/h/t/9-851-blue-9-9-bruton-blue-original-imagprsvjm5dtk3n.jpeg?q=70&crop=false', 'https://rukminim2.flixcart.com/image/128/128/xif0q/shoe/8/y/v/9-851-blue-9-9-bruton-blue-original-imagprsvqfeayft6.jpeg?q=70&crop=false', 'https://rukminim2.flixcart.com/image/128/128/xif0q/shoe/l/l/v/9-851-blue-9-9-bruton-blue-original-imagprsvzxkhffch.jpeg?q=70&crop=false', 'https://rukminim2.flixcart.com/image/128/128/xif0q/shoe/q/n/6/9-851-blue-9-9-bruton-blue-original-imagprsvbhu4wehm.jpeg?q=70&crop=false', 'https://rukminim2.flixcart.com/image/128/128/xif0q/shoe/8/h/f/9-851-blue-9-9-bruton-blue-original-imagprsvdgpy2k3p.jpeg?q=70&crop=false', 'https://rukminim2.flixcart.com/image/128/128/xif0q/shoe/z/2/r/9-851-blue-9-9-bruton-blue-original-imagprsvygf3vtzn.jpeg?q=70&crop=false', 'https://rukminim2.flixcart.com/image/832/832/xif0q/shoe/l/d/l/-original-imahf3kvwrbuhgh9.jpeg?q=70&crop=false', 'No source']"
https://www.flipkart.com/nb-nicky-boy-printed-men-round-neck-light-green-t-shirt/p/itm835642f074647?pid=TSHHFYX5CAPKBHGX&lid=LSTTSHHFYX5CAPKBHGXIGBEGN&marketplace=FLIPKART&store=clo%2Fash%2Fank%2Fedy&srno=b_1_2&otracker=browse&fm=organic&iid=en_MCr2uzOcNfOH4pxuNC8b7B5EfsXjZiCwozUpFcgqwfEnOv6_tAV2WgyetWIjCngAMMHhh2MRaK7qI_KezQUCKA%3D%3D&ppt=browse&ppn=browse&ssid=p0obp4vg8w0000001726383600546,NB NICKY BOY,‚Çπ219,Ratings not found,Reviews not found,"Ratings & Reviews4.15,099 ratings and 171 reviewsRate ProductWhat our customers felt:Fabric QualityColourStyleComfortTrue to SpecsStitching QualityImages uploaded by customers:+174Good design but quality üëéüèªREAD MOREFlipkart Customer2 months ago9764PermalinkReport AbuseCertified Buyer, Satara5Quality is ok as we compare priceAnd design is very good üíØüíØüòäüòäREAD MOREShubham Dongre1 month ago186PermalinkReport AbuseCertified Buyer, Pune, Pimpri Chinchwad5Good productREAD MOREAvinash Kumar1 month ago61PermalinkReport AbuseCertified Buyer, Gurgaon DistrictAll 171 reviews",,"['https://rukminim2.flixcart.com/image/128/128/xif0q/t-shirt/h/d/6/l-jawan-one-nb-nicky-boy-original-imahfyq2n3rxxr4j.jpeg?q=70&crop=false', 'https://rukminim2.flixcart.com/image/128/128/xif0q/t-shirt/4/k/g/l-jawan-one-nb-nicky-boy-original-imahfyq2dfhfcwbv.jpeg?q=70&crop=false', 'https://rukminim2.flixcart.com/image/832/832/xif0q/t-shirt/h/d/6/l-jawan-one-nb-nicky-boy-original-imahfyq2n3rxxr4j.jpeg?q=70&crop=false', 'No source']"
https://www.flipkart.com/nb-nicky-boy-printed-men-round-neck-light-green-t-shirt/p/itm835642f074647?pid=TSHHFYX5CAPKBHGX&lid=LSTTSHHFYX5CAPKBHGXIGBEGN&marketplace=FLIPKART&store=clo%2Fash%2Fank%2Fedy&srno=b_1_2&otracker=browse&fm=organic&iid=en_MCr2uzOcNfOH4pxuNC8b7B5EfsXjZiCwozUpFcgqwfEnOv6_tAV2WgyetWIjCngAMMHhh2MRaK7qI_KezQUCKA%3D%3D&ppt=browse&ppn=browse&ssid=p0obp4vg8w0000001726383600546,Title not found,Price not found,Ratings not found ‚òÖ out of 5 stars,Reviews not found,Description not found,,[]
https://www.flipkart.com/para-hills-printed-men-round-neck-white-t-shirt/p/itmbbf20ea3b7488?pid=TSHGXYE3FYMSH8DD&lid=LSTTSHGXYE3FYMSH8DDLVWWGD&marketplace=FLIPKART&fm=productRecommendation%2Fsimilar&iid=R%3As%3Bp%3ATSHHFYX5CAPKBHGX%3Bl%3ALSTTSHHFYX5CAPKBHGXIGBEGN%3Bpt%3App%3Buid%3A0e93bed5-7331-11ef-91da-db6296476d41%3B.TSHGXYE3FYMSH8DD&ppt=pp&ppn=pp&ssid=p0obp4vg8w0000001726383600546&otracker=pp_reco_Similar%2BProducts_3_34.productCard.PMU_HORIZONTAL_PARA%2BHILLS%2BPrinted%2BMen%2BRound%2BNeck%2BWhite%2BT-Shirt_TSHGXYE3FYMSH8DD_productRecommendation%2Fsimilar_2&otracker1=pp_reco_PINNED_productRecommendation%2Fsimilar_Similar%2BProducts_GRID_productCard_cc_3_NA_view-all&cid=TSHGXYE3FYMSH8DD,Title not found,Price not found,Ratings not found ‚òÖ out of 5 stars,Reviews not found,Description not found,,[]
https://www.flipkart.com/para-hills-printed-men-round-neck-white-t-shirt/p/itmbbf20ea3b7488?pid=TSHGXYE3FYMSH8DD&lid=LSTTSHGXYE3FYMSH8DDLVWWGD&marketplace=FLIPKART&fm=productRecommendation%2Fsimilar&iid=R%3As%3Bp%3ATSHHFYX5CAPKBHGX%3Bl%3ALSTTSHHFYX5CAPKBHGXIGBEGN%3Bpt%3App%3Buid%3A0e93bed5-7331-11ef-91da-db6296476d41%3B.TSHGXYE3FYMSH8DD&ppt=pp&ppn=pp&ssid=p0obp4vg8w0000001726383600546&otracker=pp_reco_Similar%2BProducts_3_34.productCard.PMU_HORIZONTAL_PARA%2BHILLS%2BPrinted%2BMen%2BRound%2BNeck%2BWhite%2BT-Shirt_TSHGXYE3FYMSH8DD_productRecommendation%2Fsimilar_2&otracker1=pp_reco_PINNED_productRecommendation%2Fsimilar_Similar%2BProducts_GRID_productCard_cc_3_NA_view-all&cid=TSHGXYE3FYMSH8DD,Title not found,Price not found,Ratings not found ‚òÖ out of 5 stars,Reviews not found,Description not found,,[]
https://www.flipkart.com/para-hills-printed-men-round-neck-white-t-shirt/p/itmbbf20ea3b7488?pid=TSHGXYE3FYMSH8DD&lid=LSTTSHGXYE3FYMSH8DDLVWWGD&marketplace=FLIPKART&fm=productRecommendation%2Fsimilar&iid=R%3As%3Bp%3ATSHHFYX5CAPKBHGX%3Bl%3ALSTTSHHFYX5CAPKBHGXIGBEGN%3Bpt%3App%3Buid%3A0e93bed5-7331-11ef-91da-db6296476d41%3B.TSHGXYE3FYMSH8DD&ppt=pp&ppn=pp&ssid=p0obp4vg8w0000001726383600546&otracker=pp_reco_Similar%2BProducts_3_34.productCard.PMU_HORIZONTAL_PARA%2BHILLS%2BPrinted%2BMen%2BRound%2BNeck%2BWhite%2BT-Shirt_TSHGXYE3FYMSH8DD_productRecommendation%2Fsimilar_2&otracker1=pp_reco_PINNED_productRecommendation%2Fsimilar_Similar%2BProducts_GRID_productCard_cc_3_NA_view-all&cid=TSHGXYE3FYMSH8DD,PARA HILLS,Price not found,Ratings not found ‚òÖ out of 5 stars,Reviews not found,Description not found,,[]
https://www.flipkart.com/hreyansh-collection-helicopter-kids-only-up-down-controls-remote-hand-controlled-2-in-1-type-colour-per-stock/p/itme1884b7fd334a?pid=RCTGYKE3ZUT6UMTX&lid=LSTRCTGYKE3ZUT6UMTXTLRFIO&marketplace=FLIPKART&fm=factBasedRecommendation%2FrecentlyViewed&iid=R%3Arv%3Bpt%3App%3Buid%3A230bcea8-7332-11ef-900e-776cb4bdb72c%3B.RCTGYKE3ZUT6UMTX&ppt=pp&ppn=pp&ssid=p0obp4vg8w0000001726383600546&otracker=pp_reco_Recently%2BViewed_4_40.productCard.RECENTLY_VIEWED_HREYANSH%2BCOLLECTION%2BHelicopter%2Bfor%2BKids%2B-%2BOnly%2BUp%2BDown%2BControls%2Bon%2BRemote%2B-%2BHand%2BControlled%2B2-in-1%2BType%2B%2528Colour%2Bas%2Bper%2BStock%2529_RCTGYKE3ZUT6UMTX_factBasedRecommendation%2FrecentlyViewed_3&otracker1=pp_reco_PINNED_factBasedRecommendation%2FrecentlyViewed_Recently%2BViewed_DESKTOP_HORIZONTAL_productCard_cc_4_NA_view-all&cid=RCTGYKE3ZUT6UMTX,HREYANSH COLLECTION Helicopter for Kids - Only Up Down Controls on Remote - Hand Controlled 2-in-1 Type (Colour as per Stock)(Multicolor),‚Çπ388,Ratings not found ‚òÖ out of 5 stars,Reviews not found,Description not found,,[]
https://www.flipkart.com/hreyansh-collection-helicopter-kids-only-up-down-controls-remote-hand-controlled-2-in-1-type-colour-per-stock/p/itme1884b7fd334a?pid=RCTGYKE3ZUT6UMTX&lid=LSTRCTGYKE3ZUT6UMTXTLRFIO&marketplace=FLIPKART&fm=factBasedRecommendation%2FrecentlyViewed&iid=R%3Arv%3Bpt%3App%3Buid%3A230bcea8-7332-11ef-900e-776cb4bdb72c%3B.RCTGYKE3ZUT6UMTX&ppt=pp&ppn=pp&ssid=p0obp4vg8w0000001726383600546&otracker=pp_reco_Recently%2BViewed_4_40.productCard.RECENTLY_VIEWED_HREYANSH%2BCOLLECTION%2BHelicopter%2Bfor%2BKids%2B-%2BOnly%2BUp%2BDown%2BControls%2Bon%2BRemote%2B-%2BHand%2BControlled%2B2-in-1%2BType%2B%2528Colour%2Bas%2Bper%2BStock%2529_RCTGYKE3ZUT6UMTX_factBasedRecommendation%2FrecentlyViewed_3&otracker1=pp_reco_PINNED_factBasedRecommendation%2FrecentlyViewed_Recently%2BViewed_DESKTOP_HORIZONTAL_productCard_cc_4_NA_view-all&cid=RCTGYKE3ZUT6UMTX,HREYANSH COLLECTION Helicopter for Kids - Only Up Down Controls on Remote - Hand Controlled 2-in-1 Type (Colour as per Stock)(Multicolor),‚Çπ388,3.2 ‚òÖ out of 5 stars,200 Ratings&16 Reviews,"3dseekers Remote Control Indoor Helicopter with Infrared Sensor 3D Flashing Light and USB Charger. This Chopper Start-up within 3 Seconds automatic take off , Induction flight press the remote control button , start / stop flying you can use your hand to control it up and do Inductive suspension and collision protection, light weight, easy to fly with simple operation especially for beginner. It will cut off the power automatically when the fan blade is hindered, this will be more safe Flashing light on the bottom of the helicopter, which is cool and provide you a special look Exquisite workmanship: the wings are flexible and not easy to break, so you will have so much fun with the flying helicopter. It's rechargeable with USB cable. USB charging makes it more convenient to use. this is best birthday gift for your beloved. Multi featured Remote with takeoff and land button functionality. Strong and bold design gives this Chopper is an exotic appearance. Infrared sensor of this chopper prevents this chopper to crash with any object. Remote control Helicopter can fly in All Directions. If any Encounters Obstacles Came While flight, you can Change Direction and Continue to Move Forwards. Toy Is All Season Favorite Of Kids; This Would Be The Best Gift Ever To Give For Little Kids. They Will Enjoy This With All His Delightful Features. Great to Give as a Birthday Gift, Holiday or Christmas.100 % Genuine &Authentic Product buy from OMWORLD only.",,['https://rukminim2.flixcart.com/image/416/416/xif0q/remote-control-toy/b/p/i/helicopter-for-kids-only-up-down-controls-on-remote-hand-original-imah4kufmjgcvrd8.jpeg?q=70&crop=false']
https://www.flipkart.com/bruton-lite-sports-shoes-running-men/p/itm223d4d611fb99?pid=SHOGPRSVSAVXK6HH&lid=LSTSHOGPRSVSAVXK6HHTJEWPS&marketplace=FLIPKART&store=osp%2Fcil%2F1cu&srno=b_1_3&otracker=browse&fm=organic&iid=en_EqhUHFiVuKXCc1rTemo4JXQGveZjB2qcVUEaBp3EHmrQykfoZXmA0ldEQdHKdTaMnWep1E1JE4IIbmMWXDM-LA%3D%3D&ppt=browse&ppn=browse&ssid=locmy5rvls0000001726380922824,"Lite Sports Shoes Running Shoes For Men(Blue , 6)",‚Çπ498,3.9 ‚òÖ out of 5 stars,"36,081 ratings and 1,728 reviews",Description not found,,[]
https://www.flipkart.com/hreyansh-collection-helicopter-kids-only-up-down-controls-remote-hand-controlled-2-in-1-type-colour-per-stock/p/itme1884b7fd334a?pid=RCTGYKE3ZUT6UMTX&lid=LSTRCTGYKE3ZUT6UMTXTLRFIO&marketplace=FLIPKART&fm=factBasedRecommendation%2FrecentlyViewed&iid=R%3Arv%3Bpt%3App%3Buid%3A230bcea8-7332-11ef-900e-776cb4bdb72c%3B.RCTGYKE3ZUT6UMTX&ppt=pp&ppn=pp&ssid=p0obp4vg8w0000001726383600546&otracker=pp_reco_Recently%2BViewed_4_40.productCard.RECENTLY_VIEWED_HREYANSH%2BCOLLECTION%2BHelicopter%2Bfor%2BKids%2B-%2BOnly%2BUp%2BDown%2BControls%2Bon%2BRemote%2B-%2BHand%2BControlled%2B2-in-1%2BType%2B%2528Colour%2Bas%2Bper%2BStock%2529_RCTGYKE3ZUT6UMTX_factBasedRecommendation%2FrecentlyViewed_3&otracker1=pp_reco_PINNED_factBasedRecommendation%2FrecentlyViewed_Recently%2BViewed_DESKTOP_HORIZONTAL_productCard_cc_4_NA_view-all&cid=RCTGYKE3ZUT6UMTX,HREYANSH COLLECTION Helicopter for Kids - Only Up Down Controls on Remote - Hand Controlled 2-in-1 Type (Colour as per Stock)(Multicolor),‚Çπ388,3.2 ‚òÖ out of 5 stars,200 Ratings&16 Reviews,"3dseekers Remote Control Indoor Helicopter with Infrared Sensor 3D Flashing Light and USB Charger. This Chopper Start-up within 3 Seconds automatic take off , Induction flight press the remote control button , start / stop flying you can use your hand to control it up and do Inductive suspension and collision protection, light weight, easy to fly with simple operation especially for beginner. It will cut off the power automatically when the fan blade is hindered, this will be more safe Flashing light on the bottom of the helicopter, which is cool and provide you a special look Exquisite workmanship: the wings are flexible and not easy to break, so you will have so much fun with the flying helicopter. It's rechargeable with USB cable. USB charging makes it more convenient to use. this is best birthday gift for your beloved. Multi featured Remote with takeoff and land button functionality. Strong and bold design gives this Chopper is an exotic appearance. Infrared sensor of this chopper prevents this chopper to crash with any object. Remote control Helicopter can fly in All Directions. If any Encounters Obstacles Came While flight, you can Change Direction and Continue to Move Forwards. Toy Is All Season Favorite Of Kids; This Would Be The Best Gift Ever To Give For Little Kids. They Will Enjoy This With All His Delightful Features. Great to Give as a Birthday Gift, Holiday or Christmas.100 % Genuine &Authentic Product buy from OMWORLD only.",,['No source']
https://www.flipkart.com/para-hills-printed-men-round-neck-white-t-shirt/p/itmbbf20ea3b7488?pid=TSHGXYE3FYMSH8DD&lid=LSTTSHGXYE3FYMSH8DDLVWWGD&marketplace=FLIPKART&fm=productRecommendation%2Fsimilar&iid=R%3As%3Bp%3ATSHHFYX5CAPKBHGX%3Bl%3ALSTTSHHFYX5CAPKBHGXIGBEGN%3Bpt%3App%3Buid%3A0e93bed5-7331-11ef-91da-db6296476d41%3B.TSHGXYE3FYMSH8DD&ppt=pp&ppn=pp&ssid=p0obp4vg8w0000001726383600546&otracker=pp_reco_Similar%2BProducts_3_34.productCard.PMU_HORIZONTAL_PARA%2BHILLS%2BPrinted%2BMen%2BRound%2BNeck%2BWhite%2BT-Shirt_TSHGXYE3FYMSH8DD_productRecommendation%2Fsimilar_2&otracker1=pp_reco_PINNED_productRecommendation%2Fsimilar_Similar%2BProducts_GRID_productCard_cc_3_NA_view-all&cid=TSHGXYE3FYMSH8DD,Men Printed Round Neck Polyester White T-Shirt,‚Çπ199,3.4 ‚òÖ out of 5 stars,104 ratings and 3 reviews,Description not found,,[]
https://www.flipkart.com/hreyansh-collection-helicopter-kids-only-up-down-controls-remote-hand-controlled-2-in-1-type-colour-per-stock/p/itme1884b7fd334a?pid=RCTGYKE3ZUT6UMTX&lid=LSTRCTGYKE3ZUT6UMTXTLRFIO&marketplace=FLIPKART&fm=factBasedRecommendation%2FrecentlyViewed&iid=R%3Arv%3Bpt%3App%3Buid%3A230bcea8-7332-11ef-900e-776cb4bdb72c%3B.RCTGYKE3ZUT6UMTX&ppt=pp&ppn=pp&ssid=p0obp4vg8w0000001726383600546&otracker=pp_reco_Recently%2BViewed_4_40.productCard.RECENTLY_VIEWED_HREYANSH%2BCOLLECTION%2BHelicopter%2Bfor%2BKids%2B-%2BOnly%2BUp%2BDown%2BControls%2Bon%2BRemote%2B-%2BHand%2BControlled%2B2-in-1%2BType%2B%2528Colour%2Bas%2Bper%2BStock%2529_RCTGYKE3ZUT6UMTX_factBasedRecommendation%2FrecentlyViewed_3&otracker1=pp_reco_PINNED_factBasedRecommendation%2FrecentlyViewed_Recently%2BViewed_DESKTOP_HORIZONTAL_productCard_cc_4_NA_view-all&cid=RCTGYKE3ZUT6UMTX,HREYANSH COLLECTION Helicopter for Kids - Only Up Down Controls on Remote - Hand Controlled 2-in-1 Type (Colour as per Stock)(Multicolor),‚Çπ388,3.2 ‚òÖ out of 5 stars,200 Ratings&16 Reviews,"3dseekers Remote Control Indoor Helicopter with Infrared Sensor 3D Flashing Light and USB Charger. This Chopper Start-up within 3 Seconds automatic take off , Induction flight press the remote control button , start / stop flying you can use your hand to control it up and do Inductive suspension and collision protection, light weight, easy to fly with simple operation especially for beginner. It will cut off the power automatically when the fan blade is hindered, this will be more safe Flashing light on the bottom of the helicopter, which is cool and provide you a special look Exquisite workmanship: the wings are flexible and not easy to break, so you will have so much fun with the flying helicopter. It's rechargeable with USB cable. USB charging makes it more convenient to use. this is best birthday gift for your beloved. Multi featured Remote with takeoff and land button functionality. Strong and bold design gives this Chopper is an exotic appearance. Infrared sensor of this chopper prevents this chopper to crash with any object. Remote control Helicopter can fly in All Directions. If any Encounters Obstacles Came While flight, you can Change Direction and Continue to Move Forwards. Toy Is All Season Favorite Of Kids; This Would Be The Best Gift Ever To Give For Little Kids. They Will Enjoy This With All His Delightful Features. Great to Give as a Birthday Gift, Holiday or Christmas.100 % Genuine &Authentic Product buy from OMWORLD only.",,[]
https://www.flipkart.com/para-hills-printed-men-round-neck-white-t-shirt/p/itmbbf20ea3b7488?pid=TSHGXYE3FYMSH8DD&lid=LSTTSHGXYE3FYMSH8DDLVWWGD&marketplace=FLIPKART&fm=productRecommendation%2Fsimilar&iid=R%3As%3Bp%3ATSHHFYX5CAPKBHGX%3Bl%3ALSTTSHHFYX5CAPKBHGXIGBEGN%3Bpt%3App%3Buid%3A0e93bed5-7331-11ef-91da-db6296476d41%3B.TSHGXYE3FYMSH8DD&ppt=pp&ppn=pp&ssid=p0obp4vg8w0000001726383600546&otracker=pp_reco_Similar%2BProducts_3_34.productCard.PMU_HORIZONTAL_PARA%2BHILLS%2BPrinted%2BMen%2BRound%2BNeck%2BWhite%2BT-Shirt_TSHGXYE3FYMSH8DD_productRecommendation%2Fsimilar_2&otracker1=pp_reco_PINNED_productRecommendation%2Fsimilar_Similar%2BProducts_GRID_productCard_cc_3_NA_view-all&cid=TSHGXYE3FYMSH8DD,Men Printed Round Neck Polyester White T-Shirt,‚Çπ199,3.4 ‚òÖ out of 5 stars,104 ratings and 3 reviews,Description not found,,[]
https://www.flipkart.com/hreyansh-collection-helicopter-kids-only-up-down-controls-remote-hand-controlled-2-in-1-type-colour-per-stock/p/itme1884b7fd334a?pid=RCTGYKE3ZUT6UMTX&lid=LSTRCTGYKE3ZUT6UMTXTLRFIO&marketplace=FLIPKART&fm=factBasedRecommendation%2FrecentlyViewed&iid=R%3Arv%3Bpt%3App%3Buid%3A230bcea8-7332-11ef-900e-776cb4bdb72c%3B.RCTGYKE3ZUT6UMTX&ppt=pp&ppn=pp&ssid=p0obp4vg8w0000001726383600546&otracker=pp_reco_Recently%2BViewed_4_40.productCard.RECENTLY_VIEWED_HREYANSH%2BCOLLECTION%2BHelicopter%2Bfor%2BKids%2B-%2BOnly%2BUp%2BDown%2BControls%2Bon%2BRemote%2B-%2BHand%2BControlled%2B2-in-1%2BType%2B%2528Colour%2Bas%2Bper%2BStock%2529_RCTGYKE3ZUT6UMTX_factBasedRecommendation%2FrecentlyViewed_3&otracker1=pp_reco_PINNED_factBasedRecommendation%2FrecentlyViewed_Recently%2BViewed_DESKTOP_HORIZONTAL_productCard_cc_4_NA_view-all&cid=RCTGYKE3ZUT6UMTX,HREYANSH COLLECTION Helicopter for Kids - Only Up Down Controls on Remote - Hand Controlled 2-in-1 Type (Colour as per Stock)(Multicolor),‚Çπ388,3.2 ‚òÖ out of 5 stars,200 Ratings&16 Reviews,"3dseekers Remote Control Indoor Helicopter with Infrared Sensor 3D Flashing Light and USB Charger. This Chopper Start-up within 3 Seconds automatic take off , Induction flight press the remote control button , start / stop flying you can use your hand to control it up and do Inductive suspension and collision protection, light weight, easy to fly with simple operation especially for beginner. It will cut off the power automatically when the fan blade is hindered, this will be more safe Flashing light on the bottom of the helicopter, which is cool and provide you a special look Exquisite workmanship: the wings are flexible and not easy to break, so you will have so much fun with the flying helicopter. It's rechargeable with USB cable. USB charging makes it more convenient to use. this is best birthday gift for your beloved. Multi featured Remote with takeoff and land button functionality. Strong and bold design gives this Chopper is an exotic appearance. Infrared sensor of this chopper prevents this chopper to crash with any object. Remote control Helicopter can fly in All Directions. If any Encounters Obstacles Came While flight, you can Change Direction and Continue to Move Forwards. Toy Is All Season Favorite Of Kids; This Would Be The Best Gift Ever To Give For Little Kids. They Will Enjoy This With All His Delightful Features. Great to Give as a Birthday Gift, Holiday or Christmas.100 % Genuine &Authentic Product buy from OMWORLD only.",,[]
https://www.flipkart.com/hreyansh-collection-helicopter-kids-only-up-down-controls-remote-hand-controlled-2-in-1-type-colour-per-stock/p/itme1884b7fd334a?pid=RCTGYKE3ZUT6UMTX&lid=LSTRCTGYKE3ZUT6UMTXTLRFIO&marketplace=FLIPKART&fm=factBasedRecommendation%2FrecentlyViewed&iid=R%3Arv%3Bpt%3App%3Buid%3A230bcea8-7332-11ef-900e-776cb4bdb72c%3B.RCTGYKE3ZUT6UMTX&ppt=pp&ppn=pp&ssid=p0obp4vg8w0000001726383600546&otracker=pp_reco_Recently%2BViewed_4_40.productCard.RECENTLY_VIEWED_HREYANSH%2BCOLLECTION%2BHelicopter%2Bfor%2BKids%2B-%2BOnly%2BUp%2BDown%2BControls%2Bon%2BRemote%2B-%2BHand%2BControlled%2B2-in-1%2BType%2B%2528Colour%2Bas%2Bper%2BStock%2529_RCTGYKE3ZUT6UMTX_factBasedRecommendation%2FrecentlyViewed_3&otracker1=pp_reco_PINNED_factBasedRecommendation%2FrecentlyViewed_Recently%2BViewed_DESKTOP_HORIZONTAL_productCard_cc_4_NA_view-all&cid=RCTGYKE3ZUT6UMTX,HREYANSH COLLECTION Helicopter for Kids - Only Up Down Controls on Remote - Hand Controlled 2-in-1 Type (Colour as per Stock)(Multicolor),‚Çπ388,3.2 ‚òÖ out of 5 stars,200 Ratings&16 Reviews,"3dseekers Remote Control Indoor Helicopter with Infrared Sensor 3D Flashing Light and USB Charger. This Chopper Start-up within 3 Seconds automatic take off , Induction flight press the remote control button , start / stop flying you can use your hand to control it up and do Inductive suspension and collision protection, light weight, easy to fly with simple operation especially for beginner. It will cut off the power automatically when the fan blade is hindered, this will be more safe Flashing light on the bottom of the helicopter, which is cool and provide you a special look Exquisite workmanship: the wings are flexible and not easy to break, so you will have so much fun with the flying helicopter. It's rechargeable with USB cable. USB charging makes it more convenient to use. this is best birthday gift for your beloved. Multi featured Remote with takeoff and land button functionality. Strong and bold design gives this Chopper is an exotic appearance. Infrared sensor of this chopper prevents this chopper to crash with any object. Remote control Helicopter can fly in All Directions. If any Encounters Obstacles Came While flight, you can Change Direction and Continue to Move Forwards. Toy Is All Season Favorite Of Kids; This Would Be The Best Gift Ever To Give For Little Kids. They Will Enjoy This With All His Delightful Features. Great to Give as a Birthday Gift, Holiday or Christmas.100 % Genuine &Authentic Product buy from OMWORLD only.",,[]
https://www.flipkart.com/para-hills-printed-men-round-neck-white-t-shirt/p/itmbbf20ea3b7488?pid=TSHGXYE3FYMSH8DD&lid=LSTTSHGXYE3FYMSH8DDLVWWGD&marketplace=FLIPKART&fm=productRecommendation%2Fsimilar&iid=R%3As%3Bp%3ATSHHFYX5CAPKBHGX%3Bl%3ALSTTSHHFYX5CAPKBHGXIGBEGN%3Bpt%3App%3Buid%3A0e93bed5-7331-11ef-91da-db6296476d41%3B.TSHGXYE3FYMSH8DD&ppt=pp&ppn=pp&ssid=p0obp4vg8w0000001726383600546&otracker=pp_reco_Similar%2BProducts_3_34.productCard.PMU_HORIZONTAL_PARA%2BHILLS%2BPrinted%2BMen%2BRound%2BNeck%2BWhite%2BT-Shirt_TSHGXYE3FYMSH8DD_productRecommendation%2Fsimilar_2&otracker1=pp_reco_PINNED_productRecommendation%2Fsimilar_Similar%2BProducts_GRID_productCard_cc_3_NA_view-all&cid=TSHGXYE3FYMSH8DD,Men Printed Round Neck Polyester White T-Shirt,‚Çπ199,3.4 ‚òÖ out of 5 stars,104 ratings and 3 reviews,Description not found,,['https://rukminim2.flixcart.com/image/832/832/xif0q/t-shirt/v/t/j/xl-ui-mn-rn-fs-print-wht-2024-para-hills-original-imagxyefkwsrgchz.jpeg?q=70&crop=false']
https://www.flipkart.com/hreyansh-collection-helicopter-kids-only-up-down-controls-remote-hand-controlled-2-in-1-type-colour-per-stock/p/itme1884b7fd334a?pid=RCTGYKE3ZUT6UMTX,HREYANSH COLLECTION Helicopter for Kids - Only Up Down Controls on Remote - Hand Controlled 2-in-1 Type (Colour as per Stock)(Multicolor),‚Çπ475,3.2 ‚òÖ out of 5 stars,200 Ratings&16 Reviews,"3dseekers Remote Control Indoor Helicopter with Infrared Sensor 3D Flashing Light and USB Charger. This Chopper Start-up within 3 Seconds automatic take off , Induction flight press the remote control button , start / stop flying you can use your hand to control it up and do Inductive suspension and collision protection, light weight, easy to fly with simple operation especially for beginner. It will cut off the power automatically when the fan blade is hindered, this will be more safe Flashing light on the bottom of the helicopter, which is cool and provide you a special look Exquisite workmanship: the wings are flexible and not easy to break, so you will have so much fun with the flying helicopter. It's rechargeable with USB cable. USB charging makes it more convenient to use. this is best birthday gift for your beloved. Multi featured Remote with takeoff and land button functionality. Strong and bold design gives this Chopper is an exotic appearance. Infrared sensor of this chopper prevents this chopper to crash with any object. Remote control Helicopter can fly in All Directions. If any Encounters Obstacles Came While flight, you can Change Direction and Continue to Move Forwards. Toy Is All Season Favorite Of Kids; This Would Be The Best Gift Ever To Give For Little Kids. They Will Enjoy This With All His Delightful Features. Great to Give as a Birthday Gift, Holiday or Christmas.100 % Genuine &Authentic Product buy from OMWORLD only.",,[]
https://www.flipkart.com/hreyansh-collection-helicopter-kids-only-up-down-controls-remote-hand-controlled-2-in-1-type-colour-per-stock/p/itme1884b7fd334a?pid=RCTGYKE3ZUT6UMTX,HREYANSH COLLECTION Helicopter for Kids - Only Up Down Controls on Remote - Hand Controlled 2-in-1 Type (Colour as per Stock)(Multicolor),‚Çπ475,3.2 ‚òÖ out of 5 stars,200 Ratings&16 Reviews,"3dseekers Remote Control Indoor Helicopter with Infrared Sensor 3D Flashing Light and USB Charger. This Chopper Start-up within 3 Seconds automatic take off , Induction flight press the remote control button , start / stop flying you can use your hand to control it up and do Inductive suspension and collision protection, light weight, easy to fly with simple operation especially for beginner. It will cut off the power automatically when the fan blade is hindered, this will be more safe Flashing light on the bottom of the helicopter, which is cool and provide you a special look Exquisite workmanship: the wings are flexible and not easy to break, so you will have so much fun with the flying helicopter. It's rechargeable with USB cable. USB charging makes it more convenient to use. this is best birthday gift for your beloved. Multi featured Remote with takeoff and land button functionality. Strong and bold design gives this Chopper is an exotic appearance. Infrared sensor of this chopper prevents this chopper to crash with any object. Remote control Helicopter can fly in All Directions. If any Encounters Obstacles Came While flight, you can Change Direction and Continue to Move Forwards. Toy Is All Season Favorite Of Kids; This Would Be The Best Gift Ever To Give For Little Kids. They Will Enjoy This With All His Delightful Features. Great to Give as a Birthday Gift, Holiday or Christmas.100 % Genuine &Authentic Product buy from OMWORLD only.",,"['https://rukminim2.flixcart.com/image/128/128/xif0q/remote-control-toy/b/p/i/helicopter-for-kids-only-up-down-controls-on-remote-hand-original-imah4kufmjgcvrd8.jpeg?q=70&crop=false', 'https://rukminim2.flixcart.com/image/128/128/xif0q/remote-control-toy/i/a/x/black-sturdy-indoor-helicopter-for-kids-only-up-down-controls-on-original-imah4ja6jspkrfht.jpeg?q=70&crop=false', 'https://rukminim2.flixcart.com/image/128/128/xif0q/remote-control-toy/o/c/f/exceed-induction-type-2-in-1-flying-indoor-outdoor-helicopter-original-imah49seeq4btgnz.jpeg?q=70&crop=false', 'https://rukminim2.flixcart.com/image/416/416/xif0q/remote-control-toy/b/p/i/helicopter-for-kids-only-up-down-controls-on-remote-hand-original-imah4kufmjgcvrd8.jpeg?q=70&crop=false', 'No source']"
https://www.flipkart.com/para-hills-printed-men-round-neck-white-t-shirt/p/itmbbf20ea3b7488?pid=TSHGXYE3FYMSH8DD&lid=LSTTSHGXYE3FYMSH8DDLVWWGD&marketplace=FLIPKART&fm=productRecommendation%2Fsimilar&iid=R%3As%3Bp%3ATSHHFYX5CAPKBHGX%3Bl%3ALSTTSHHFYX5CAPKBHGXIGBEGN%3Bpt%3App%3Buid%3A0e93bed5-7331-11ef-91da-db6296476d41%3B.TSHGXYE3FYMSH8DD&ppt=pp&ppn=pp&ssid=p0obp4vg8w0000001726383600546&otracker=pp_reco_Similar%2BProducts_3_34.productCard.PMU_HORIZONTAL_PARA%2BHILLS%2BPrinted%2BMen%2BRound%2BNeck%2BWhite%2BT-Shirt_TSHGXYE3FYMSH8DD_productRecommendation%2Fsimilar_2&otracker1=pp_reco_PINNED_productRecommendation%2Fsimilar_Similar%2BProducts_GRID_productCard_cc_3_NA_view-all&cid=TSHGXYE3FYMSH8DD,Men Printed Round Neck Polyester White T-Shirt,‚Çπ199,3.4 ‚òÖ out of 5 stars,104 ratings and 3 reviews,Description not found,,"['https://rukminim2.flixcart.com/image/128/128/xif0q/t-shirt/v/t/j/xl-ui-mn-rn-fs-print-wht-2024-para-hills-original-imagxyefkwsrgchz.jpeg?q=70&crop=false', 'https://rukminim2.flixcart.com/image/128/128/xif0q/t-shirt/7/8/0/xl-ui-mn-fs-llk-mm-para-hills-original-imagxaxzmmwrkzmj.jpeg?q=70&crop=false', 'https://rukminim2.flixcart.com/image/832/832/xif0q/t-shirt/v/t/j/xl-ui-mn-rn-fs-print-wht-2024-para-hills-original-imagxyefkwsrgchz.jpeg?q=70&crop=false', 'No source']"
https://www.flipkart.com/jabra-men-sports-sandals/p/itm39744782206df?pid=SNDGZVDRGCT5EEFU&lid=LSTSNDGZVDRGCT5EEFUHOWK2O&marketplace=FLIPKART&fm=productRecommendation%2FcrossSelling&iid=R%3Ac%3Bp%3ASHOGPRSVSAVXK6HH%3Bl%3ALSTSHOGPRSVSAVXK6HHTJEWPS%3Bpt%3App%3Buid%3Aa3f168ee-7336-11ef-a2b8-91ec84b4c1aa%3B.SNDGZYD7CTSHVX3X&ppt=pp&ppn=pp&ssid=locmy5rvls0000001726380922824&otracker=pp_reco_Bought%2BTogether_11_39.productCard.PMU_TAB_JABRA%2BMen%2BSports%2BSandals_SNDGZYD7CTSHVX3X_productRecommendation%2FcrossSelling_2&otracker1=pp_reco_PINNED_productRecommendation%2FcrossSelling_Bought%2BTogether_GRID_productCard_cc_11_NA_view-all&cid=SNDGZYD7CTSHVX3X,"Men Sports Sandal(Blue , 9)",‚Çπ499,4.3 ‚òÖ out of 5‚òÖ ,Reviews not found,Description not found,,"['https://rukminim2.flixcart.com/image/128/128/xif0q/sandal/a/w/1/8-spa-12-sky-blue-8-clymb-blue-original-imagzvcvssmwtp5k.jpeg?q=70&crop=false', 'https://rukminim2.flixcart.com/image/128/128/xif0q/sandal/n/h/b/8-spa-12-sky-blue-8-clymb-blue-original-imagzvcvnx4skfhm.jpeg?q=70&crop=false', 'https://rukminim2.flixcart.com/image/128/128/xif0q/sandal/t/w/d/8-spa-12-sky-blue-8-clymb-blue-original-imagzvcvymqzvzbp.jpeg?q=70&crop=false', 'https://rukminim2.flixcart.com/image/832/832/xif0q/sandal/a/w/1/8-spa-12-sky-blue-8-clymb-blue-original-imagzvcvssmwtp5k.jpeg?q=70&crop=false', 'No source']"
https://www.amazon.in/Samsung-Fully-Automatic-Ecobubble-WA80BG4441BGTL-Technology/dp/B0B8NK5HTH/ref=sr_1_2_sspa?_encoding=UTF8&content-id=amzn1.sym.58c90a12-100b-4a2f-8e15-7c06f1abe2be&dib=eyJ2IjoiMSJ9.i598hpMonk2vyjPlFyFQ_WjUIjRb1w-02FrQO1xCaS1ow_ZIhg_76C2F_T-T9BIs39x0pvN06kXtN15RLM8a03iiOil6yXKME6qXnVWe_rk3A68mycPZFSlqxO3R-uSDTPcpP2Vo1i47p0_pnSQJzpnKu1mzuVFKMH1JqNEbdwf5iRKNregQ_GfLgPevxLerUoHuCfmsGNg3SvehfOX_7XNm8EzbDY_6HxHFyulO6tccbgr8wXlITMbU2dwzgndTsvDtaDB5Y9myBgs2BAeaVsAMSgtMksJGHh-sy1LTlpo.m72HMv2X0gMOcv5xvLyGVYV00Jqpbureu2YJos77zOk&dib_tag=se&pd_rd_r=65b2f9a2-adb4-473d-9e72-71a50f1c350e&pd_rd_w=dpeJG&pd_rd_wg=rdDst&pf_rd_p=58c90a12-100b-4a2f-8e15-7c06f1abe2be&pf_rd_r=QDJJGDRW6NQHA4BFECTH&qid=1726386441&refinements=p_85%3A10440599031&rps=1&s=kitchen&sr=1-2-spons&sp_csd=d2lkZ2V0TmFtZT1zcF9hdGZfYnJvd3Nl&psc=1,"Samsung 8 kg, 5 star, Eco Bubble Tech, Digital Inverter Motor, Soft Closing Door, Fully-Automatic Top Load Washing Machine (WA80BG4441BGTL, Light Gray)","19,990.",4.2 out of 5 stars,"25,433 ratings","About this itemFully automatic front load washing machine, with artificial intelligence, eco bubble, and wi-fi functionalityHigher spin speeds help in faster dryingThe stainless steel diamond drum supremely gentle on your clothesEnjoy greater energy efficiency, less noise, and a long-lasting performanceStop wasting detergent and avoid the tedious task of cleaning the detergent drawer‚Ä∫See more product details",B0B8NK5HTH,['https://m.media-amazon.com/images/I/414qBYgVgyL._SX342_SY445_QL70_ML2_.jpg']
https://www.flipkart.com/sony-zv-e10l-mirrorless-camera-body-1650-mm-power-zoom-lens-vlog/p/itm083681fffc2b1?pid=DLLG6G8U8P2NGEHG&lid=LSTDLLG6G8U8P2NGEHGGVZNLB&marketplace=FLIPKART&store=jek%2Fp31%2Ftrv&srno=b_1_2&otracker=browse&fm=organic&iid=b6bf039a-0fc9-4d59-9696-0d0f97295250.DLLG6G8U8P2NGEHG.SEARCH&ppt=hp&ppn=homepage&ssid=baspv26apc0000001726386465678,SONY ZV-E10L Mirrorless Camera Body with 1650 mm Power Zoom Lens Vlog(Black),"‚Çπ61,489",4.5 ‚òÖ out of 5‚òÖ ,"1,094 Ratings&103 Reviews","Capture more of your world.Professional-looking vlogs are easy with the ZV-E10, thanks to interchangeable lenses that capture the world however you choose to see it. Watch the video below to discover some of the many creative possibilities.The ZV-E10's image-stabilisation system can shoot smooth, clean video footage even when you're walking6. Another feature, Face Priority Auto Exposure (AE), will automatically brighten the lighting of your face. Even when you're walking, it automatically detects your face and makes adjustments to keep it brightly lit as you move from indoors to outdoors, through light or shadow.,suitable_for-Enthusiast,-,sensor_type-Large APS-CExmor CMOS sensor,continuous_shooting_speed-5 fps",,"['https://rukminim2.flixcart.com/image/128/128/ktlu9ow0/dslr-camera/r/y/j/alpha-zv-e10-24-2-megapixel-with-interchangeable-lens-aps-c-original-imag6wxxhxrv9htc.jpeg?q=70&crop=false', 'https://rukminim2.flixcart.com/image/128/128/ktlu9ow0/dslr-camera/r/y/j/alpha-zv-e10-24-2-megapixel-with-interchangeable-lens-aps-c-original-imag6wxxhxrv9htc.jpeg?q=70&crop=false', 'https://rukminim2.flixcart.com/image/128/128/ktlu9ow0/dslr-camera/3/p/l/alpha-zv-e10-24-2-megapixel-with-interchangeable-lens-aps-c-original-imag6wxfyvme33y8.jpeg?q=70&crop=false', 'https://rukminim2.flixcart.com/image/128/128/ktlu9ow0/dslr-camera/0/j/j/alpha-zv-e10-24-2-megapixel-with-interchangeable-lens-aps-c-original-imag6wxf8mr2fjsf.jpeg?q=70&crop=false', 'https://rukminim2.flixcart.com/image/128/128/ktszgy80/dslr-camera/t/a/x/alpha-zv-e10-24-2-megapixel-with-interchangeable-lens-aps-c-original-imag72h2nkzz5rfd.jpeg?q=70&crop=false', 'https://rukminim2.flixcart.com/image/128/128/ktlu9ow0/dslr-camera/z/4/t/alpha-zv-e10-24-2-megapixel-with-interchangeable-lens-aps-c-original-imag6wxfrasygd8h.jpeg?q=70&crop=false', 'https://rukminim2.flixcart.com/image/128/128/ktlu9ow0/dslr-camera/8/r/s/alpha-zv-e10-24-2-megapixel-with-interchangeable-lens-aps-c-original-imag6wxfzhzxu8cb.jpeg?q=70&crop=false', 'https://rukminim2.flixcart.com/image/128/128/ktlu9ow0/dslr-camera/v/0/z/alpha-zv-e10-24-2-megapixel-with-interchangeable-lens-aps-c-original-imag6wxfhgzffwkz.jpeg?q=70&crop=false', 'https://rukminim2.flixcart.com/image/128/128/ktlu9ow0/dslr-camera/p/i/k/alpha-zv-e10-24-2-megapixel-with-interchangeable-lens-aps-c-original-imag6wxfrzqq2dzc.jpeg?q=70&crop=false', 'https://rukminim2.flixcart.com/image/128/128/ktlu9ow0/dslr-camera/h/k/j/alpha-zv-e10-24-2-megapixel-with-interchangeable-lens-aps-c-original-imag6wxfzsyrvcm8.jpeg?q=70&crop=false', 'https://rukminim2.flixcart.com/image/128/128/ktlu9ow0/dslr-camera/x/m/i/alpha-zv-e10-24-2-megapixel-with-interchangeable-lens-aps-c-original-imag6wxfwvh8tg23.jpeg?q=70&crop=false', 'https://rukminim2.flixcart.com/image/128/128/ktlu9ow0/dslr-camera/d/t/l/alpha-zv-e10-24-2-megapixel-with-interchangeable-lens-aps-c-original-imag6wxfypgggncg.jpeg?q=70&crop=false', 'https://rukminim2.flixcart.com/image/128/128/ktlu9ow0/dslr-camera/z/3/u/alpha-zv-e10-24-2-megapixel-with-interchangeable-lens-aps-c-original-imag6wxfzw4gjakz.jpeg?q=70&crop=false', 'https://rukminim2.flixcart.com/image/416/416/ktlu9ow0/dslr-camera/r/y/j/alpha-zv-e10-24-2-megapixel-with-interchangeable-lens-aps-c-original-imag6wxxhxrv9htc.jpeg?q=70&crop=false', 'No source']"
https://www.amazon.in/Boult-Wireless-Earbuds-Playtime-Charging/dp/B0D3R1LVR3/ref=sr_1_2?_encoding=UTF8&content-id=amzn1.sym.5c11cca6-f19e-499f-8d62-bb65be93412c&dib=eyJ2IjoiMSJ9.7Sz4PzyuhHmCtIbJuQZeZVzJp5FrrwjgQlTDXFeM_c9j_Xb9lG8uLWzMSEEUuCqvRiAcgKDxsHZvZoiOrxER8BDbsgL4liM3FQSTeseaCqOyz83MKz0LWs_RDeQD7XwCdX1F4OdnjQurUuvUgyhvuMfW3OTl67t-3GuGQeDoyi1r-p-v9Fg-A8XXrESZx3HygmHBdcTbCWl1UoRwj19k6eS3J8mK-zg1nSITAC_v7UaCQr8tefsax6zZmo4HvHfoJXmbLcqhZr-n91zaVc0weyOil0uekwH-ixrTPVlWUtM.pXMFSy7ztAJE_94j9WLtCSruPAi4nM0oYldMLScskOo&dib_tag=se&pd_rd_r=10521df3-2f35-4b27-934a-10a9edf98dc4&pd_rd_w=NGAp6&pd_rd_wg=3IVcG&pf_rd_p=5c11cca6-f19e-499f-8d62-bb65be93412c&pf_rd_r=5E0ZWBAMNEEBGF8CYV5F&qid=1726390126&refinements=p_89%3ABoult&s=electronics&sr=1-2,"Boult Audio W20 Truly Wireless in Ear Earbuds with 35H Playtime, Zen‚Ñ¢ ENC Mic, 45ms Low Latency, 13mm Bass Drivers, Type-C Fast Charging, Made in India, Touch Controls, IPX5 ear buds TWS (Space Black)",999.,4.1 out of 5 stars,"3,562 ratings","About this item‚úÖ 35H Playtime: With an impressive 35-hour battery life, the Boult W20 earbuds ensure you can enjoy your music, podcasts, and calls without frequent recharging. Whether you're on a long commute, working out, relaxing, these earbuds provide the power to keep your audio experience uninterrupted.‚úÖ Zen ENC Mic: Enjoy crystal-clear calls with Zen ENC (Environmental Noise Cancellation) Mic. This advanced technology effectively reduces background noise, allowing your voice to come through clearly and ensuring high-quality communication even in noisy environments.‚úÖ 45ms Low Latency: Experience the thrill of ultra-smooth, responsive audio with 45ms low latency. The Boult W20 earbuds minimize delay between your actions and the sound, providing a competitive edge in gaming and ensuring an immersive and enjoyable gameplay experience.‚úÖ 13mm bass drivers: Immerse yourself in rich, deep bass and high-quality audio with 13mm bass drivers. These earbuds deliver powerful sound that brings your music, movies, and games to life with superior clarity and depth, providing an exceptional audio experience.‚úÖ Type C Fast Charging: Equipped with Type C fast charging, enjoy hours of playtime with just a short charging session (10mins = 120mins), ensuring you spend less time waiting and more time listening with your bluetooth earbuds.‚úÖ Bluetooth 5.3: Benefit from reliable and efficient Bluetooth 5.3 pairing. This latest Bluetooth technology offers a robust and seamless connection with your devices, ensuring your earbuds stay connected without interruptions, enhancing your overall listening experience.‚úÖ Water Resistant: With an IPX5 water-resistant rating, the Boult W20 earbuds are built to withstand sweat and splashes, making them perfect for workouts, outdoor activities, and daily use without worry. Enjoy your favourite music without worrying about sweat or splashes damaging.‚úÖ Touch Control: Take control of your music, calls, and more with the intuitive touch control feature of the these earbuds. Easily play, pause, skip tracks, adjust volume, and answer or end calls with a simple tap or swipe, allowing for hassle-free operation on the go.‚úÖ 1 Year Manufacturer's Warranty from the date of purchase.‚úÖ Made in India: Proudly designed and manufactured in India, the Boult W20 earbuds combine cutting-edge technology with local craftsmanship, ensuring high-quality audio performance and supporting local innovation.Show More‚Ä∫See more product details",B0D3R1LVR3,['https://m.media-amazon.com/images/I/31RWMnIBeEL._SX300_SY300_QL70_ML2_.jpg']
https://www.amazon.in/dp/B0D8134JH8/?_encoding=UTF8&pd_rd_w=v3pZ4&content-id=amzn1.sym.ff59db9b-9cac-4871-b686-11979915a9d1&pf_rd_p=ff59db9b-9cac-4871-b686-11979915a9d1&pf_rd_r=PB27TKNWMXZ4A8E150G9&pd_rd_wg=iyqfc&pd_rd_r=9e4a09de-9a28-4833-8f21-1b9d78f9c45d&th=1,"Samsung Galaxy M35 5G (Moonlight Blue,6GB RAM,128GB Storage)| Corning Gorilla Glass Victus+| AnTuTu Score 595K+ | Vapour Cooling Chamber | 6000mAh Battery | 120Hz Super AMOLED Display| Without Charger","19,998.",4.1 out of 5 stars,"1,423 ratings","About this itemMonster Durability & Display : Corning Gorilla Glass Victus+, 16.83 Centimeters (6.6""Inch) Super AMOLED Display, FHD+ Resolution with 1080 x 2340 Pixels and 120Hz Refresh RateMonster Processor - Exynos 1380 Processor with Vapour Cooling Chamber | Latest Android 14 Operating System having One UI 6.1 platform | 2.4GHz, 2GHz Clock Speed with Octa-Core ProcessorMonster Convenience & Security - Samsung Wallet with Tap & Pay | Knox Security | Get upto 4 Generations of AndroidOS Upgrades & 5 Years of Security UpdatesMonster Camera - 50MP (F1.8) Main Wide Angle Camera + 8MP (F2.2) Ultra Wide Angle Camera + 2MP (F2.4) Macro Angle Camera | OIS & Nightography | 13MP (F2.2) Selfie Camera | Video Maximum Resolution of Ultra HD (3840 x 2160) @30fpsMonster Battery - Get a massive 6000mAh Lithium-ion Battery (Non-Removable) with C-Type Fast Charging (25W Charging Support)‚Ä∫See more product details",B0D8134JH8,['https://m.media-amazon.com/images/I/41CrP03iSmL._SX300_SY300_QL70_ML2_.jpg']
https://www.amazon.in/ASUS-15-6-inch-GeForce-Graphite-FA506NCR-HN054W/dp/B0D5DFR78J?pd_rd_w=W8NAm&content-id=amzn1.sym.0e14c986-d38e-41c4-a8ad-a8baddfeddce&pf_rd_p=0e14c986-d38e-41c4-a8ad-a8baddfeddce&pf_rd_r=VA7PC5P1J4N86MWB0DNJ&pd_rd_wg=herom&pd_rd_r=62f71b5d-7b78-48c9-ad05-4b59571f916b&pd_rd_i=B0D5DFR78J&ref_=pd_hp_d_btf_unk_B0D5DFR78J,"ASUS TUF Gaming A15, Ryzen 7 7435HS, 15.6-inch (39.62 cm) FHD 144Hz, Gaming Laptop (16GB RAM/512GB SSD/NVIDIA GeForce RTX 3050/Windows 11/48WHr/Graphite Black/2.3 Kg), FA506NCR-HN054W","60,990.",4.2 out of 5 stars,248 ratings,"About this itemProcessor : AMD Ryzen 7 7435HS Mobile Processor 3.1GHz (20MB Cache, up to 4.5 GHz, 8 cores, 16 Threads) delivers fast and responsive performance for demanding tasks such as gaming, content creation, and multitasking.Display : 15.6-inch FHD (1920 x 1080) 16:9, 144Hz, 250 nits Brightness, Anti-Glare Display, Display output : 1x HDMI 2.1 TMDS, Keyboard : Backlit Chiclet Keyboard 1-Zone RGBGraphics : 4GB GDDR6, NVIDIA GeForce RTX 3050 Laptop GPU, Up to 1675MHz at 60W (75W with Dynamic Boost)Storage : 512GB PCIe 4.0 NVMe M.2 SSD | Memory : 16GB DDR5-5600 MHz Support Up to 32 GB Expandable 2x DDR5 SO-DIMM slots [Disclaimer : Rated speed of RAM module. Actual memory speeds may vary by CPU configuration]Battery : 48WHrs, 3S1P, 3-cell Li-ion, Fast Charging : Recharge from 0-50% in 30 minutes‚Ä∫See more product details",B0D5DFR78J,['https://m.media-amazon.com/images/I/41Aw8+krn+L._SY300_SX300_.jpg']
https://www.flipkart.com/noise-vision-3-1-96-amoled-display-thin-bezel-metallic-build-smartwatch/p/itm1524878dc07a5?pid=SMWGPB58FBHUVY3X,"Noise Vision 3 with 1.96"" AMOLED display with Thin Bezel, Metallic Build Smartwatch(Black Strap, Regular)","‚Çπ2,199",4.2 ‚òÖ out of 5‚òÖ ,"22,917 Ratings&1,669 Reviews",Description not found,,"['https://rukminim2.flixcart.com/image/128/128/xif0q/smartwatch/q/p/4/-original-imahf758t864ffaq.jpeg?q=70&crop=false', 'https://rukminim2.flixcart.com/image/128/128/xif0q/smartwatch/0/3/y/-original-imagqtnznzqnd9vj.jpeg?q=70&crop=false', 'https://rukminim2.flixcart.com/image/128/128/xif0q/smartwatch/p/l/q/-original-imagqtnz2zbafjqr.jpeg?q=70&crop=false', 'https://rukminim2.flixcart.com/image/128/128/xif0q/smartwatch/1/2/r/-original-imagqtnpzcxmtrde.jpeg?q=70&crop=false', 'https://rukminim2.flixcart.com/image/128/128/xif0q/smartwatch/k/j/1/-original-imagqtnpz3gunxap.jpeg?q=70&crop=false', 'https://rukminim2.flixcart.com/image/128/128/xif0q/smartwatch/f/d/n/-original-imagqtnhmwrk77yt.jpeg?q=70&crop=false', 'https://rukminim2.flixcart.com/image/128/128/xif0q/smartwatch/n/x/n/-original-imagqtnpvghebss4.jpeg?q=70&crop=false', 'https://rukminim2.flixcart.com/image/128/128/xif0q/smartwatch/e/6/w/-original-imagqtnpzfctaebz.jpeg?q=70&crop=false', 'https://rukminim2.flixcart.com/image/128/128/xif0q/smartwatch/y/l/b/-original-imagqtnpfnszm5yf.jpeg?q=70&crop=false', 'https://rukminim2.flixcart.com/image/128/128/xif0q/smartwatch/q/m/j/-original-imagqtnpmayvs43v.jpeg?q=70&crop=false', 'https://rukminim2.flixcart.com/image/416/416/xif0q/smartwatch/q/p/4/-original-imahf758t864ffaq.jpeg?q=70&crop=false', 'No source']"
https://www.flipkart.com/hisense-80-cm-32-inch-hd-ready-led-smart-google-tv-2024-dolby-audio-30w-powerful-sound-hdr-10-super-bright-panel-32e43n/p/itm3311e0219a14e?pid=TVSH3NFPHENPMJFY&lid=LSTTVSH3NFPHENPMJFYZCITLC&marketplace=FLIPKART&sattr[]=display_size&sattr[]=launch_year&sattr[]=hd_technology&sattr[]=operating_system&st=launch_year,"Hisense 80 cm (32 inch) HD Ready LED Smart Google TV 2024 Edition with Dolby Audio, 30W Powerful Sound, HDR 10, Super Bright Panel (32E43N)(32E43N)","‚Çπ11,999",4.2 ‚òÖ out of 5‚òÖ ,"1,593 Ratings&243 Reviews","Enjoy the crystal clear visual of the Hisense TV with its HDR 10 and FHD resolution. It has a powerful Dolby audio system that delivers a cinematic experience. Equipped with Natural Colour Enhancer, it creates fine-tuned colours for every scene. It also has a Voice Remote, taking TV control to a whole new level. With multiple connectivity options, you can easily connect to various devices and the internet.",,"['https://rukminim2.flixcart.com/image/128/128/xif0q/television/z/0/q/-original-imah4zprgkdqzdfd.jpeg?q=70&crop=false', 'https://rukminim2.flixcart.com/image/128/128/xif0q/television/c/t/j/-original-imah4zpr3tfkgkgh.jpeg?q=70&crop=false', 'https://rukminim2.flixcart.com/image/128/128/xif0q/television/0/p/7/-original-imah4zprhhyy2uzz.jpeg?q=70&crop=false', 'https://rukminim2.flixcart.com/image/128/128/xif0q/television/u/e/j/-original-imah4zprvemquf4g.jpeg?q=70&crop=false', 'https://rukminim2.flixcart.com/image/128/128/xif0q/television/y/t/7/-original-imah4zprvx7cqey2.jpeg?q=70&crop=false', 'https://rukminim2.flixcart.com/image/128/128/xif0q/television/t/w/k/-original-imah4zprxvdmgx4z.jpeg?q=70&crop=false', 'https://rukminim2.flixcart.com/image/128/128/xif0q/television/0/8/c/-original-imah4zprcqjqayqk.jpeg?q=70&crop=false', 'https://rukminim2.flixcart.com/image/128/128/xif0q/television/6/c/8/-original-imah4zprh3gud8dk.jpeg?q=70&crop=false', 'https://rukminim2.flixcart.com/image/128/128/xif0q/television/l/w/h/-original-imah4zprjnegz83s.jpeg?q=70&crop=false', 'https://rukminim2.flixcart.com/image/128/128/xif0q/television/s/f/e/-original-imah4zprmgyug3rh.jpeg?q=70&crop=false', 'https://rukminim2.flixcart.com/image/128/128/xif0q/television/f/3/n/-original-imah4zprcfft8q7y.jpeg?q=70&crop=false', 'https://rukminim2.flixcart.com/image/128/128/xif0q/television/r/0/o/-original-imah4zpr6ryfczsp.jpeg?q=70&crop=false', 'https://rukminim2.flixcart.com/image/128/128/xif0q/television/s/m/d/-original-imah4zprbtpgfhhw.jpeg?q=70&crop=false', 'https://rukminim2.flixcart.com/image/128/128/xif0q/television/o/t/j/-original-imah4zprfcs6pvxg.jpeg?q=70&crop=false', 'https://rukminim2.flixcart.com/image/128/128/xif0q/television/x/o/o/-original-imah4zprzz4esfha.jpeg?q=70&crop=false', 'https://rukminim2.flixcart.com/image/128/128/xif0q/television/v/v/6/-original-imah4zprfjddjh74.jpeg?q=70&crop=false', 'https://rukminim2.flixcart.com/image/128/128/xif0q/television/t/3/m/-original-imah4zprxxzumm5e.jpeg?q=70&crop=false', 'https://rukminim2.flixcart.com/image/128/128/xif0q/television/6/p/g/-original-imah4zprhgtxfwc2.jpeg?q=70&crop=false', 'https://rukminim2.flixcart.com/image/416/416/xif0q/television/z/0/q/-original-imah4zprgkdqzdfd.jpeg?q=70&crop=false', 'No source']"
https://www.flipkart.com/noise-vision-3-1-96-amoled-display-thin-bezel-metallic-build-smartwatch/p/itm1524878dc07a5?pid=SMWGPB58FBHUVY3X,"Noise Vision 3 with 1.96"" AMOLED display with Thin Bezel, Metallic Build Smartwatch(Black Strap, Regular)",Price not found,4.2 ‚òÖ out of 5‚òÖ ,"29,798 Ratings&2,096 Reviews",Description not found,,"['https://rukminim2.flixcart.com/image/128/128/xif0q/smartwatch/q/p/4/-original-imahf758t864ffaq.jpeg?q=70&crop=false', 'https://rukminim2.flixcart.com/image/128/128/xif0q/smartwatch/0/3/y/-original-imagqtnznzqnd9vj.jpeg?q=70&crop=false', 'https://rukminim2.flixcart.com/image/128/128/xif0q/smartwatch/p/l/q/-original-imagqtnz2zbafjqr.jpeg?q=70&crop=false', 'https://rukminim2.flixcart.com/image/128/128/xif0q/smartwatch/f/d/n/-original-imagqtnhmwrk77yt.jpeg?q=70&crop=false', 'https://rukminim2.flixcart.com/image/128/128/xif0q/smartwatch/e/6/w/-original-imagqtnpzfctaebz.jpeg?q=70&crop=false', 'https://rukminim2.flixcart.com/image/128/128/xif0q/smartwatch/y/l/b/-original-imagqtnpfnszm5yf.jpeg?q=70&crop=false', 'https://rukminim2.flixcart.com/image/128/128/xif0q/smartwatch/q/m/j/-original-imagqtnpmayvs43v.jpeg?q=70&crop=false', 'https://rukminim2.flixcart.com/image/416/416/xif0q/smartwatch/q/p/4/-original-imahf758t864ffaq.jpeg?q=70&crop=false', 'No source']"
